타자,도루RAA,도루 성공,도루 실패,상대,도루,도실,도실%,도루기회,도루시도%,SPD,도루 성공 여부
강민호,1.34,4,0,LG,41,28,40.6,1091,6.3,3.2,도루
강민호,1.34,4,0,넥센,61,49,44.6,1620,6.8,3.2,도루
강민호,1.34,4,0,한화,81,36,30.8,1316,8.9,3.2,도루
김경언,0.84,3,0,KIA,60,12,16.7,908,7.9,3.3,도루
김경언,0.84,3,0,넥센,61,49,44.6,1620,6.8,3.3,도루
김경언,0.84,3,0,롯데,62,37,37.4,1347,7.4,3.3,도루
김민하,0.83,4,0,KIA,60,12,16.7,908,7.9,4.7,도루
김민하,0.83,4,0,KIA,60,12,16.7,908,7.9,4.7,도루
김민하,0.83,4,0,KIA,60,12,16.7,908,7.9,4.7,도루
김민하,0.83,4,0,LG,41,28,40.6,1091,6.3,4.7,도루
김용의,0.73,19,7,KIA,60,12,16.7,908,7.9,7.2,도루
김용의,0.73,19,7,KIA,60,12,16.7,908,7.9,7.2,도루
김용의,0.73,19,7,KIA,60,12,16.7,908,7.9,7.2,도루
김용의,0.73,19,7,kt,39,36,48,1141,6.6,7.2,도루
김용의,0.73,19,7,kt,39,36,48,1141,6.6,7.2,도루
김용의,0.73,19,7,kt,39,36,48,1141,6.6,7.2,도루
김용의,0.73,19,7,SK,81,45,35.7,1512,8.3,7.2,도루
김용의,0.73,19,7,SK,81,45,35.7,1512,8.3,7.2,실패
김용의,0.73,19,7,SK,81,45,35.7,1512,8.3,7.2,실패
김용의,0.73,19,7,SK,81,45,35.7,1512,8.3,7.2,실패
김용의,0.73,19,7,SK,81,45,35.7,1512,8.3,7.2,도루
김용의,0.73,19,7,넥센,61,49,44.6,1620,6.8,7.2,실패
김용의,0.73,19,7,넥센,61,49,44.6,1620,6.8,7.2,도루
김용의,0.73,19,7,넥센,61,49,44.6,1620,6.8,7.2,도루
김용의,0.73,19,7,넥센,61,49,44.6,1620,6.8,7.2,도루
김용의,0.73,19,7,넥센,61,49,44.6,1620,6.8,7.2,실패
김용의,0.73,19,7,넥센,61,49,44.6,1620,6.8,7.2,도루
김용의,0.73,19,7,넥센,61,49,44.6,1620,6.8,7.2,도루
김용의,0.73,19,7,두산,56,26,31.7,1236,6.6,7.2,실패
김용의,0.73,19,7,두산,56,26,31.7,1236,6.6,7.2,도루
김용의,0.73,19,7,두산,56,26,31.7,1236,6.6,7.2,도루
김용의,0.73,19,7,롯데,62,37,37.4,1347,7.4,7.2,실패
김용의,0.73,19,7,삼성,82,42,33.9,1471,8.4,7.2,실패
김용의,0.73,19,7,삼성,82,42,33.9,1471,8.4,7.2,도루
김용의,0.73,19,7,삼성,82,42,33.9,1471,8.4,7.2,도루
김재환,1.17,8,2,KIA,60,12,16.7,908,7.9,5,도루
김재환,1.17,8,2,kt,39,36,48,1141,6.6,5,도루
김재환,1.17,8,2,LG,41,28,40.6,1091,6.3,5,도루
김재환,1.17,8,2,LG,41,28,40.6,1091,6.3,5,도루
김재환,1.17,8,2,LG,41,28,40.6,1091,6.3,5,실패
김재환,1.17,8,2,SK,81,45,35.7,1512,8.3,5,도루
김재환,1.17,8,2,롯데,62,37,37.4,1347,7.4,5,도루
김재환,1.17,8,2,롯데,62,37,37.4,1347,7.4,5,실패
김재환,1.17,8,2,롯데,62,37,37.4,1347,7.4,5,도루
김재환,1.17,8,2,삼성,82,42,33.9,1471,8.4,5,도루
김재환,1.17,8,2,한화,81,36,30.8,1316,8.9,5,실패
노수광,1.68,12,2,kt,39,36,48,1141,6.6,7.7,도루
노수광,1.68,12,2,LG,41,28,40.6,1091,6.3,7.7,실패
노수광,1.68,12,2,NC,60,34,36.2,1491,6.3,7.7,도루
노수광,1.68,12,2,SK,81,45,35.7,1512,8.3,7.7,도루
노수광,1.68,12,2,넥센,61,49,44.6,1620,6.8,7.7,실패
노수광,1.68,12,2,넥센,61,49,44.6,1620,6.8,7.7,도루
노수광,1.68,12,2,넥센,61,49,44.6,1620,6.8,7.7,도루
노수광,1.68,12,2,롯데,62,37,37.4,1347,7.4,7.7,도루
노수광,1.68,12,2,롯데,62,37,37.4,1347,7.4,7.7,도루
노수광,1.68,12,2,삼성,82,42,33.9,1471,8.4,7.7,도루
노수광,1.68,12,2,삼성,82,42,33.9,1471,8.4,7.7,도루
노수광,1.68,12,2,한화,81,36,30.8,1316,8.9,7.7,도루
노수광,1.68,12,2,한화,81,36,30.8,1316,8.9,7.7,도루
노수광,1.68,12,2,한화,81,36,30.8,1316,8.9,7.7,도루
대니돈,0.72,1,0,KIA,60,12,16.7,908,7.9,2.9,실패
대니돈,0.72,1,0,삼성,82,42,33.9,1471,8.4,2.9,도루
문선재,1.11,5,0,KIA,60,12,16.7,908,7.9,7.5,도루
문선재,1.11,5,0,KIA,60,12,16.7,908,7.9,7.5,도루
문선재,1.11,5,0,KIA,60,12,16.7,908,7.9,7.5,실패
문선재,1.11,5,0,넥센,61,49,44.6,1620,6.8,7.5,도루
문선재,1.11,5,0,두산,56,26,31.7,1236,6.6,7.5,도루
문선재,1.11,5,0,롯데,62,37,37.4,1347,7.4,7.5,도루
문선재,1.11,5,0,삼성,82,42,33.9,1471,8.4,7.5,도루
민병헌,1.45,9,2,KIA,60,12,16.7,908,7.9,4.9,도루
민병헌,1.45,9,2,kt,39,36,48,1141,6.6,4.9,실패
민병헌,1.45,9,2,NC,60,34,36.2,1491,6.3,4.9,도루
민병헌,1.45,9,2,NC,60,34,36.2,1491,6.3,4.9,도루
민병헌,1.45,9,2,NC,60,34,36.2,1491,6.3,4.9,도루
민병헌,1.45,9,2,SK,81,45,35.7,1512,8.3,4.9,도루
민병헌,1.45,9,2,SK,81,45,35.7,1512,8.3,4.9,도루
민병헌,1.45,9,2,SK,81,45,35.7,1512,8.3,4.9,도루
민병헌,1.45,9,2,넥센,61,49,44.6,1620,6.8,4.9,실패
민병헌,1.45,9,2,넥센,61,49,44.6,1620,6.8,4.9,도루
민병헌,1.45,9,2,삼성,82,42,33.9,1471,8.4,4.9,도루
민병헌,1.45,9,2,한화,81,36,30.8,1316,8.9,4.9,도루
박민우,1.7,20,6,KIA,60,12,16.7,908,7.9,6.7,실패
박민우,1.7,20,6,KIA,60,12,16.7,908,7.9,6.7,도루
박민우,1.7,20,6,KIA,60,12,16.7,908,7.9,6.7,도루
박민우,1.7,20,6,KIA,60,12,16.7,908,7.9,6.7,도루
박민우,1.7,20,6,kt,39,36,48,1141,6.6,6.7,도루
박민우,1.7,20,6,kt,39,36,48,1141,6.6,6.7,실패
박민우,1.7,20,6,kt,39,36,48,1141,6.6,6.7,도루
박민우,1.7,20,6,kt,39,36,48,1141,6.6,6.7,도루
박민우,1.7,20,6,LG,41,28,40.6,1091,6.3,6.7,실패
박민우,1.7,20,6,SK,81,45,35.7,1512,8.3,6.7,실패
박민우,1.7,20,6,SK,81,45,35.7,1512,8.3,6.7,도루
박민우,1.7,20,6,넥센,61,49,44.6,1620,6.8,6.7,도루
박민우,1.7,20,6,넥센,61,49,44.6,1620,6.8,6.7,실패
박민우,1.7,20,6,넥센,61,49,44.6,1620,6.8,6.7,도루
박민우,1.7,20,6,넥센,61,49,44.6,1620,6.8,6.7,도루
박민우,1.7,20,6,두산,56,26,31.7,1236,6.6,6.7,도루
박민우,1.7,20,6,두산,56,26,31.7,1236,6.6,6.7,도루
박민우,1.7,20,6,두산,56,26,31.7,1236,6.6,6.7,도루
박민우,1.7,20,6,롯데,62,37,37.4,1347,7.4,6.7,도루
박민우,1.7,20,6,롯데,62,37,37.4,1347,7.4,6.7,도루
박민우,1.7,20,6,롯데,62,37,37.4,1347,7.4,6.7,도루
박민우,1.7,20,6,삼성,82,42,33.9,1471,8.4,6.7,도루
박민우,1.7,20,6,한화,81,36,30.8,1316,8.9,6.7,도루
박민우,1.7,20,6,한화,81,36,30.8,1316,8.9,6.7,도루
박민우,1.7,20,6,한화,81,36,30.8,1316,8.9,6.7,실패
박민우,1.7,20,6,한화,81,36,30.8,1316,8.9,6.7,도루
박민우,1.7,20,6,한화,81,36,30.8,1316,8.9,6.7,도루
박석민,0.94,2,0,롯데,62,37,37.4,1347,7.4,1.8,도루
박정권,1.23,4,0,kt,39,36,48,1141,6.6,4.8,도루
박정권,1.23,4,0,넥센,61,49,44.6,1620,6.8,4.8,도루
박정권,1.23,4,0,넥센,61,49,44.6,1620,6.8,4.8,도루
박정권,1.23,4,0,두산,56,26,31.7,1236,6.6,4.8,도루
박해민,3.61,52,15,KIA,60,12,16.7,908,7.9,8.3,실패
박해민,3.61,52,15,KIA,60,12,16.7,908,7.9,8.3,도루
박해민,3.61,52,15,KIA,60,12,16.7,908,7.9,8.3,도루
박해민,3.61,52,15,KIA,60,12,16.7,908,7.9,8.3,실패
박해민,3.61,52,15,KIA,60,12,16.7,908,7.9,8.3,도루
박해민,3.61,52,15,KIA,60,12,16.7,908,7.9,8.3,도루
박해민,3.61,52,15,KIA,60,12,16.7,908,7.9,8.3,도루
박해민,3.61,52,15,KIA,60,12,16.7,908,7.9,8.3,도루
박해민,3.61,52,15,kt,39,36,48,1141,6.6,8.3,실패
박해민,3.61,52,15,kt,39,36,48,1141,6.6,8.3,도루
박해민,3.61,52,15,kt,39,36,48,1141,6.6,8.3,도루
박해민,3.61,52,15,kt,39,36,48,1141,6.6,8.3,도루
박해민,3.61,52,15,kt,39,36,48,1141,6.6,8.3,도루
박해민,3.61,52,15,kt,39,36,48,1141,6.6,8.3,도루
박해민,3.61,52,15,kt,39,36,48,1141,6.6,8.3,도루
박해민,3.61,52,15,LG,41,28,40.6,1091,6.3,8.3,도루
박해민,3.61,52,15,LG,41,28,40.6,1091,6.3,8.3,도루
박해민,3.61,52,15,LG,41,28,40.6,1091,6.3,8.3,실패
박해민,3.61,52,15,LG,41,28,40.6,1091,6.3,8.3,실패
박해민,3.61,52,15,LG,41,28,40.6,1091,6.3,8.3,실패
박해민,3.61,52,15,LG,41,28,40.6,1091,6.3,8.3,도루
박해민,3.61,52,15,NC,60,34,36.2,1491,6.3,8.3,도루
박해민,3.61,52,15,NC,60,34,36.2,1491,6.3,8.3,도루
박해민,3.61,52,15,NC,60,34,36.2,1491,6.3,8.3,도루
박해민,3.61,52,15,NC,60,34,36.2,1491,6.3,8.3,도루
박해민,3.61,52,15,NC,60,34,36.2,1491,6.3,8.3,도루
박해민,3.61,52,15,NC,60,34,36.2,1491,6.3,8.3,도루
박해민,3.61,52,15,SK,81,45,35.7,1512,8.3,8.3,도루
박해민,3.61,52,15,SK,81,45,35.7,1512,8.3,8.3,도루
박해민,3.61,52,15,SK,81,45,35.7,1512,8.3,8.3,실패
박해민,3.61,52,15,SK,81,45,35.7,1512,8.3,8.3,도루
박해민,3.61,52,15,SK,81,45,35.7,1512,8.3,8.3,도루
박해민,3.61,52,15,SK,81,45,35.7,1512,8.3,8.3,도루
박해민,3.61,52,15,SK,81,45,35.7,1512,8.3,8.3,도루
박해민,3.61,52,15,넥센,61,49,44.6,1620,6.8,8.3,실패
박해민,3.61,52,15,넥센,61,49,44.6,1620,6.8,8.3,도루
박해민,3.61,52,15,넥센,61,49,44.6,1620,6.8,8.3,도루
박해민,3.61,52,15,넥센,61,49,44.6,1620,6.8,8.3,도루
박해민,3.61,52,15,넥센,61,49,44.6,1620,6.8,8.3,도루
박해민,3.61,52,15,넥센,61,49,44.6,1620,6.8,8.3,실패
박해민,3.61,52,15,넥센,61,49,44.6,1620,6.8,8.3,도루
박해민,3.61,52,15,넥센,61,49,44.6,1620,6.8,8.3,도루
박해민,3.61,52,15,넥센,61,49,44.6,1620,6.8,8.3,도루
박해민,3.61,52,15,넥센,61,49,44.6,1620,6.8,8.3,실패
박해민,3.61,52,15,넥센,61,49,44.6,1620,6.8,8.3,도루
박해민,3.61,52,15,두산,56,26,31.7,1236,6.6,8.3,실패
박해민,3.61,52,15,두산,56,26,31.7,1236,6.6,8.3,도루
박해민,3.61,52,15,두산,56,26,31.7,1236,6.6,8.3,도루
박해민,3.61,52,15,두산,56,26,31.7,1236,6.6,8.3,실패
박해민,3.61,52,15,두산,56,26,31.7,1236,6.6,8.3,도루
박해민,3.61,52,15,두산,56,26,31.7,1236,6.6,8.3,실패
박해민,3.61,52,15,롯데,62,37,37.4,1347,7.4,8.3,도루
박해민,3.61,52,15,롯데,62,37,37.4,1347,7.4,8.3,도루
박해민,3.61,52,15,롯데,62,37,37.4,1347,7.4,8.3,도루
박해민,3.61,52,15,롯데,62,37,37.4,1347,7.4,8.3,도루
박해민,3.61,52,15,롯데,62,37,37.4,1347,7.4,8.3,실패
박해민,3.61,52,15,롯데,62,37,37.4,1347,7.4,8.3,도루
박해민,3.61,52,15,한화,81,36,30.8,1316,8.9,8.3,도루
박해민,3.61,52,15,한화,81,36,30.8,1316,8.9,8.3,도루
박해민,3.61,52,15,한화,81,36,30.8,1316,8.9,8.3,도루
박해민,3.61,52,15,한화,81,36,30.8,1316,8.9,8.3,실패
박해민,3.61,52,15,한화,81,36,30.8,1316,8.9,8.3,도루
박해민,3.61,52,15,한화,81,36,30.8,1316,8.9,8.3,도루
박해민,3.61,52,15,한화,81,36,30.8,1316,8.9,8.3,도루
박해민,3.61,52,15,한화,81,36,30.8,1316,8.9,8.3,도루
손아섭,7.25,42,4,KIA,60,12,16.7,908,7.9,6.2,도루
손아섭,7.25,42,4,KIA,60,12,16.7,908,7.9,6.2,도루
손아섭,7.25,42,4,KIA,60,12,16.7,908,7.9,6.2,도루
손아섭,7.25,42,4,KIA,60,12,16.7,908,7.9,6.2,도루
손아섭,7.25,42,4,KIA,60,12,16.7,908,7.9,6.2,도루
손아섭,7.25,42,4,KIA,60,12,16.7,908,7.9,6.2,도루
손아섭,7.25,42,4,KIA,60,12,16.7,908,7.9,6.2,도루
손아섭,7.25,42,4,kt,39,36,48,1141,6.6,6.2,도루
손아섭,7.25,42,4,kt,39,36,48,1141,6.6,6.2,도루
손아섭,7.25,42,4,kt,39,36,48,1141,6.6,6.2,도루
손아섭,7.25,42,4,LG,41,28,40.6,1091,6.3,6.2,실패
손아섭,7.25,42,4,LG,41,28,40.6,1091,6.3,6.2,도루
손아섭,7.25,42,4,NC,60,34,36.2,1491,6.3,6.2,도루
손아섭,7.25,42,4,NC,60,34,36.2,1491,6.3,6.2,도루
손아섭,7.25,42,4,SK,81,45,35.7,1512,8.3,6.2,도루
손아섭,7.25,42,4,SK,81,45,35.7,1512,8.3,6.2,도루
손아섭,7.25,42,4,SK,81,45,35.7,1512,8.3,6.2,도루
손아섭,7.25,42,4,SK,81,45,35.7,1512,8.3,6.2,도루
손아섭,7.25,42,4,SK,81,45,35.7,1512,8.3,6.2,도루
손아섭,7.25,42,4,넥센,61,49,44.6,1620,6.8,6.2,도루
손아섭,7.25,42,4,두산,56,26,31.7,1236,6.6,6.2,도루
손아섭,7.25,42,4,두산,56,26,31.7,1236,6.6,6.2,도루
손아섭,7.25,42,4,두산,56,26,31.7,1236,6.6,6.2,도루
손아섭,7.25,42,4,두산,56,26,31.7,1236,6.6,6.2,도루
손아섭,7.25,42,4,두산,56,26,31.7,1236,6.6,6.2,도루
손아섭,7.25,42,4,두산,56,26,31.7,1236,6.6,6.2,도루
손아섭,7.25,42,4,두산,56,26,31.7,1236,6.6,6.2,도루
손아섭,7.25,42,4,두산,56,26,31.7,1236,6.6,6.2,도루
손아섭,7.25,42,4,두산,56,26,31.7,1236,6.6,6.2,도루
손아섭,7.25,42,4,삼성,82,42,33.9,1471,8.4,6.2,도루
손아섭,7.25,42,4,삼성,82,42,33.9,1471,8.4,6.2,도루
손아섭,7.25,42,4,삼성,82,42,33.9,1471,8.4,6.2,도루
손아섭,7.25,42,4,삼성,82,42,33.9,1471,8.4,6.2,도루
손아섭,7.25,42,4,삼성,82,42,33.9,1471,8.4,6.2,도루
손아섭,7.25,42,4,삼성,82,42,33.9,1471,8.4,6.2,도루
손아섭,7.25,42,4,삼성,82,42,33.9,1471,8.4,6.2,도루
손아섭,7.25,42,4,한화,81,36,30.8,1316,8.9,6.2,도루
손아섭,7.25,42,4,한화,81,36,30.8,1316,8.9,6.2,실패
손아섭,7.25,42,4,한화,81,36,30.8,1316,8.9,6.2,도루
손아섭,7.25,42,4,한화,81,36,30.8,1316,8.9,6.2,실패
손아섭,7.25,42,4,한화,81,36,30.8,1316,8.9,6.2,도루
손아섭,7.25,42,4,한화,81,36,30.8,1316,8.9,6.2,도루
손아섭,7.25,42,4,한화,81,36,30.8,1316,8.9,6.2,실패
송광민,1.08,3,0,NC,60,34,36.2,1491,6.3,3.8,도루
송광민,1.08,3,0,SK,81,45,35.7,1512,8.3,3.8,도루
송광민,1.08,3,0,삼성,82,42,33.9,1471,8.4,3.8,도루
심우준,3.09,17,1,KIA,60,12,16.7,908,7.9,6.8,도루
심우준,3.09,17,1,KIA,60,12,16.7,908,7.9,6.8,도루
심우준,3.09,17,1,NC,60,34,36.2,1491,6.3,6.8,도루
심우준,3.09,17,1,SK,81,45,35.7,1512,8.3,6.8,실패
심우준,3.09,17,1,SK,81,45,35.7,1512,8.3,6.8,도루
심우준,3.09,17,1,넥센,61,49,44.6,1620,6.8,6.8,도루
심우준,3.09,17,1,넥센,61,49,44.6,1620,6.8,6.8,도루
심우준,3.09,17,1,넥센,61,49,44.6,1620,6.8,6.8,도루
심우준,3.09,17,1,넥센,61,49,44.6,1620,6.8,6.8,도루
심우준,3.09,17,1,두산,56,26,31.7,1236,6.6,6.8,도루
심우준,3.09,17,1,두산,56,26,31.7,1236,6.6,6.8,도루
심우준,3.09,17,1,롯데,62,37,37.4,1347,7.4,6.8,도루
심우준,3.09,17,1,롯데,62,37,37.4,1347,7.4,6.8,도루
심우준,3.09,17,1,롯데,62,37,37.4,1347,7.4,6.8,도루
심우준,3.09,17,1,롯데,62,37,37.4,1347,7.4,6.8,도루
심우준,3.09,17,1,삼성,82,42,33.9,1471,8.4,6.8,도루
아두치,2.23,15,2,KIA,60,12,16.7,908,7.9,7.5,실패
아두치,2.23,15,2,KIA,60,12,16.7,908,7.9,7.5,도루
아두치,2.23,15,2,KIA,60,12,16.7,908,7.9,7.5,도루
아두치,2.23,15,2,kt,39,36,48,1141,6.6,7.5,도루
아두치,2.23,15,2,LG,41,28,40.6,1091,6.3,7.5,도루
아두치,2.23,15,2,NC,60,34,36.2,1491,6.3,7.5,도루
아두치,2.23,15,2,SK,81,45,35.7,1512,8.3,7.5,도루
아두치,2.23,15,2,SK,81,45,35.7,1512,8.3,7.5,도루
아두치,2.23,15,2,SK,81,45,35.7,1512,8.3,7.5,도루
아두치,2.23,15,2,넥센,61,49,44.6,1620,6.8,7.5,도루
아두치,2.23,15,2,넥센,61,49,44.6,1620,6.8,7.5,실패
아두치,2.23,15,2,넥센,61,49,44.6,1620,6.8,7.5,도루
아두치,2.23,15,2,두산,56,26,31.7,1236,6.6,7.5,도루
아두치,2.23,15,2,삼성,82,42,33.9,1471,8.4,7.5,도루
아두치,2.23,15,2,한화,81,36,30.8,1316,8.9,7.5,도루
아두치,2.23,15,2,한화,81,36,30.8,1316,8.9,7.5,도루
아두치,2.23,15,2,한화,81,36,30.8,1316,8.9,7.5,도루
아두치,2.23,15,2,한화,81,36,30.8,1316,8.9,7.5,도루
양석환,0.77,3,0,SK,81,45,35.7,1512,8.3,4.9,도루
양석환,0.77,3,0,SK,81,45,35.7,1512,8.3,4.9,도루
양석환,0.77,3,0,두산,56,26,31.7,1236,6.6,4.9,도루
양의지,0.83,2,0,NC,60,34,36.2,1491,6.3,4.9,도루
양의지,0.83,2,0,NC,60,34,36.2,1491,6.3,4.9,도루
양의지,0.83,2,0,한화,81,36,30.8,1316,8.9,4.9,도루
오재일,0.69,1,0,삼성,82,42,33.9,1471,8.4,3.6,도루
유한준,0.84,4,1,두산,56,26,31.7,1236,6.6,3.3,도루
유한준,0.84,4,1,롯데,62,37,37.4,1347,7.4,3.3,실패
유한준,0.84,4,1,삼성,82,42,33.9,1471,8.4,3.3,도루
유한준,0.84,4,1,삼성,82,42,33.9,1471,8.4,3.3,도루
유한준,0.84,4,1,한화,81,36,30.8,1316,8.9,3.3,도루
윤정우,0.8,6,1,kt,39,36,48,1141,6.6,5,실패
윤정우,0.8,6,1,kt,39,36,48,1141,6.6,5,도루
윤정우,0.8,6,1,LG,41,28,40.6,1091,6.3,5,도루
윤정우,0.8,6,1,LG,41,28,40.6,1091,6.3,5,도루
윤정우,0.8,6,1,넥센,61,49,44.6,1620,6.8,5,도루
윤정우,0.8,6,1,한화,81,36,30.8,1316,8.9,5,도루
윤정우,0.8,6,1,한화,81,36,30.8,1316,8.9,5,도루
이재율,1.11,8,1,KIA,60,12,16.7,908,7.9,7,도루
이재율,1.11,8,1,KIA,60,12,16.7,908,7.9,7,도루
이재율,1.11,8,1,kt,39,36,48,1141,6.6,7,실패
이재율,1.11,8,1,LG,41,28,40.6,1091,6.3,7,도루
이재율,1.11,8,1,두산,56,26,31.7,1236,6.6,7,도루
이재율,1.11,8,1,삼성,82,42,33.9,1471,8.4,7,도루
이재율,1.11,8,1,한화,81,36,30.8,1316,8.9,7,도루
이재율,1.11,8,1,한화,81,36,30.8,1316,8.9,7,도루
이재율,1.11,8,1,한화,81,36,30.8,1316,8.9,7,도루
이종욱,2.09,15,3,KIA,60,12,16.7,908,7.9,5.8,도루
이종욱,2.09,15,3,KIA,60,12,16.7,908,7.9,5.8,도루
이종욱,2.09,15,3,kt,39,36,48,1141,6.6,5.8,도루
이종욱,2.09,15,3,LG,41,28,40.6,1091,6.3,5.8,도루
이종욱,2.09,15,3,LG,41,28,40.6,1091,6.3,5.8,도루
이종욱,2.09,15,3,SK,81,45,35.7,1512,8.3,5.8,도루
이종욱,2.09,15,3,넥센,61,49,44.6,1620,6.8,5.8,도루
이종욱,2.09,15,3,넥센,61,49,44.6,1620,6.8,5.8,도루
이종욱,2.09,15,3,넥센,61,49,44.6,1620,6.8,5.8,실패
이종욱,2.09,15,3,넥센,61,49,44.6,1620,6.8,5.8,도루
이종욱,2.09,15,3,넥센,61,49,44.6,1620,6.8,5.8,도루
이종욱,2.09,15,3,두산,56,26,31.7,1236,6.6,5.8,실패
이종욱,2.09,15,3,두산,56,26,31.7,1236,6.6,5.8,도루
이종욱,2.09,15,3,롯데,62,37,37.4,1347,7.4,5.8,도루
이종욱,2.09,15,3,삼성,82,42,33.9,1471,8.4,5.8,도루
이종욱,2.09,15,3,삼성,82,42,33.9,1471,8.4,5.8,도루
이종욱,2.09,15,3,한화,81,36,30.8,1316,8.9,5.8,도루
이종욱,2.09,15,3,한화,81,36,30.8,1316,8.9,5.8,실패
정근우,2.13,22,6,kt,39,36,48,1141,6.6,5.5,도루
정근우,2.13,22,6,kt,39,36,48,1141,6.6,5.5,도루
정근우,2.13,22,6,kt,39,36,48,1141,6.6,5.5,도루
정근우,2.13,22,6,kt,39,36,48,1141,6.6,5.5,도루
정근우,2.13,22,6,LG,41,28,40.6,1091,6.3,5.5,실패
정근우,2.13,22,6,LG,41,28,40.6,1091,6.3,5.5,도루
정근우,2.13,22,6,LG,41,28,40.6,1091,6.3,5.5,실패
정근우,2.13,22,6,LG,41,28,40.6,1091,6.3,5.5,실패
정근우,2.13,22,6,NC,60,34,36.2,1491,6.3,5.5,실패
정근우,2.13,22,6,NC,60,34,36.2,1491,6.3,5.5,도루
정근우,2.13,22,6,NC,60,34,36.2,1491,6.3,5.5,도루
정근우,2.13,22,6,SK,81,45,35.7,1512,8.3,5.5,도루
정근우,2.13,22,6,SK,81,45,35.7,1512,8.3,5.5,도루
정근우,2.13,22,6,SK,81,45,35.7,1512,8.3,5.5,도루
정근우,2.13,22,6,SK,81,45,35.7,1512,8.3,5.5,도루
정근우,2.13,22,6,SK,81,45,35.7,1512,8.3,5.5,도루
정근우,2.13,22,6,넥센,61,49,44.6,1620,6.8,5.5,도루
정근우,2.13,22,6,넥센,61,49,44.6,1620,6.8,5.5,도루
정근우,2.13,22,6,넥센,61,49,44.6,1620,6.8,5.5,도루
정근우,2.13,22,6,두산,56,26,31.7,1236,6.6,5.5,도루
정근우,2.13,22,6,두산,56,26,31.7,1236,6.6,5.5,도루
정근우,2.13,22,6,롯데,62,37,37.4,1347,7.4,5.5,도루
정근우,2.13,22,6,롯데,62,37,37.4,1347,7.4,5.5,실패
정근우,2.13,22,6,삼성,82,42,33.9,1471,8.4,5.5,도루
정근우,2.13,22,6,삼성,82,42,33.9,1471,8.4,5.5,도루
정근우,2.13,22,6,삼성,82,42,33.9,1471,8.4,5.5,도루
정근우,2.13,22,6,삼성,82,42,33.9,1471,8.4,5.5,실패
정근우,2.13,22,6,삼성,82,42,33.9,1471,8.4,5.5,도루
정근우,2.13,22,6,삼성,82,42,33.9,1471,8.4,5.5,도루
정수빈,0.73,12,4,KIA,60,12,16.7,908,7.9,6.2,도루
정수빈,0.73,12,4,KIA,60,12,16.7,908,7.9,6.2,도루
정수빈,0.73,12,4,KIA,60,12,16.7,908,7.9,6.2,실패
정수빈,0.73,12,4,kt,39,36,48,1141,6.6,6.2,도루
정수빈,0.73,12,4,kt,39,36,48,1141,6.6,6.2,도루
정수빈,0.73,12,4,LG,41,28,40.6,1091,6.3,6.2,도루
정수빈,0.73,12,4,NC,60,34,36.2,1491,6.3,6.2,도루
정수빈,0.73,12,4,SK,81,45,35.7,1512,8.3,6.2,도루
정수빈,0.73,12,4,SK,81,45,35.7,1512,8.3,6.2,도루
정수빈,0.73,12,4,넥센,61,49,44.6,1620,6.8,6.2,실패
정수빈,0.73,12,4,넥센,61,49,44.6,1620,6.8,6.2,도루
정수빈,0.73,12,4,넥센,61,49,44.6,1620,6.8,6.2,도루
정수빈,0.73,12,4,롯데,62,37,37.4,1347,7.4,6.2,실패
정수빈,0.73,12,4,삼성,82,42,33.9,1471,8.4,6.2,도루
정수빈,0.73,12,4,삼성,82,42,33.9,1471,8.4,6.2,도루
정수빈,0.73,12,4,한화,81,36,30.8,1316,8.9,6.2,실패
테임즈,1.15,13,4,KIA,60,12,16.7,908,7.9,6.3,도루
테임즈,1.15,13,4,KIA,60,12,16.7,908,7.9,6.3,도루
테임즈,1.15,13,4,kt,39,36,48,1141,6.6,6.3,도루
테임즈,1.15,13,4,kt,39,36,48,1141,6.6,6.3,실패
테임즈,1.15,13,4,kt,39,36,48,1141,6.6,6.3,도루
테임즈,1.15,13,4,SK,81,45,35.7,1512,8.3,6.3,도루
테임즈,1.15,13,4,SK,81,45,35.7,1512,8.3,6.3,도루
테임즈,1.15,13,4,넥센,61,49,44.6,1620,6.8,6.3,실패
테임즈,1.15,13,4,넥센,61,49,44.6,1620,6.8,6.3,도루
테임즈,1.15,13,4,두산,56,26,31.7,1236,6.6,6.3,실패
테임즈,1.15,13,4,두산,56,26,31.7,1236,6.6,6.3,도루
테임즈,1.15,13,4,두산,56,26,31.7,1236,6.6,6.3,실패
테임즈,1.15,13,4,삼성,82,42,33.9,1471,8.4,6.3,도루
테임즈,1.15,13,4,삼성,82,42,33.9,1471,8.4,6.3,도루
테임즈,1.15,13,4,한화,81,36,30.8,1316,8.9,6.3,도루
테임즈,1.15,13,4,한화,81,36,30.8,1316,8.9,6.3,도루
테임즈,1.15,13,4,한화,81,36,30.8,1316,8.9,6.3,도루
필,1.01,10,3,kt,39,36,48,1141,6.6,3.7,도루
필,1.01,10,3,kt,39,36,48,1141,6.6,3.7,실패
필,1.01,10,3,kt,39,36,48,1141,6.6,3.7,실패
필,1.01,10,3,LG,41,28,40.6,1091,6.3,3.7,도루
필,1.01,10,3,LG,41,28,40.6,1091,6.3,3.7,도루
필,1.01,10,3,LG,41,28,40.6,1091,6.3,3.7,도루
필,1.01,10,3,LG,41,28,40.6,1091,6.3,3.7,도루
필,1.01,10,3,NC,60,34,36.2,1491,6.3,3.7,도루
필,1.01,10,3,SK,81,45,35.7,1512,8.3,3.7,도루
필,1.01,10,3,넥센,61,49,44.6,1620,6.8,3.7,도루
필,1.01,10,3,두산,56,26,31.7,1236,6.6,3.7,도루
필,1.01,10,3,두산,56,26,31.7,1236,6.6,3.7,도루
필,1.01,10,3,롯데,62,37,37.4,1347,7.4,3.7,실패
고종욱,1.52,17,4,KIA,72,24,25,1375,7,5.6,도루
고종욱,1.52,17,4,KIA,72,24,25,1375,7,5.6,도루
고종욱,1.52,17,4,KIA,72,24,25,1375,7,5.6,도루
고종욱,1.52,17,4,KIA,72,24,25,1375,7,5.6,도루
고종욱,1.52,17,4,KIA,72,24,25,1375,7,5.6,실패
고종욱,1.52,17,4,KIA,72,24,25,1375,7,5.6,도루
고종욱,1.52,17,4,KIA,72,24,25,1375,7,5.6,도루
고종욱,1.52,17,4,KIA,72,24,25,1375,7,5.6,도루
고종욱,1.52,17,4,kt,69,27,28.1,1501,6.4,5.6,도루
고종욱,1.52,17,4,kt,69,27,28.1,1501,6.4,5.6,실패
고종욱,1.52,17,4,kt,69,27,28.1,1501,6.4,5.6,실패
고종욱,1.52,17,4,kt,69,27,28.1,1501,6.4,5.6,실패
고종욱,1.52,17,4,kt,69,27,28.1,1501,6.4,5.6,도루
고종욱,1.52,17,4,kt,69,27,28.1,1501,6.4,5.6,실패
고종욱,1.52,17,4,kt,69,27,28.1,1501,6.4,5.6,실패
고종욱,1.52,17,4,LG,80,34,29.8,1603,7.1,5.6,도루
고종욱,1.52,17,4,LG,80,34,29.8,1603,7.1,5.6,도루
고종욱,1.52,17,4,LG,80,34,29.8,1603,7.1,5.6,실패
고종욱,1.52,17,4,LG,80,34,29.8,1603,7.1,5.6,도루
고종욱,1.52,17,4,LG,80,34,29.8,1603,7.1,5.6,도루
고종욱,1.52,17,4,NC,40,22,35.5,1006,6.2,5.6,도루
고종욱,1.52,17,4,NC,40,22,35.5,1006,6.2,5.6,실패
고종욱,1.52,17,4,SK,74,27,26.7,1282,7.9,5.6,실패
고종욱,1.52,17,4,SK,74,27,26.7,1282,7.9,5.6,도루
고종욱,1.52,17,4,SK,74,27,26.7,1282,7.9,5.6,도루
고종욱,1.52,17,4,SK,74,27,26.7,1282,7.9,5.6,실패
고종욱,1.52,17,4,SK,74,27,26.7,1282,7.9,5.6,도루
고종욱,1.52,17,4,SK,74,27,26.7,1282,7.9,5.6,실패
고종욱,1.52,17,4,SK,74,27,26.7,1282,7.9,5.6,도루
고종욱,1.52,17,4,두산,49,33,40.2,1322,6.2,5.6,도루
고종욱,1.52,17,4,두산,49,33,40.2,1322,6.2,5.6,도루
고종욱,1.52,17,4,두산,49,33,40.2,1322,6.2,5.6,도루
고종욱,1.52,17,4,삼성,64,27,29.7,1350,6.7,5.6,도루
고종욱,1.52,17,4,삼성,64,27,29.7,1350,6.7,5.6,도루
고종욱,1.52,17,4,삼성,64,27,29.7,1350,6.7,5.6,도루
고종욱,1.52,17,4,삼성,64,27,29.7,1350,6.7,5.6,실패
고종욱,1.52,17,4,삼성,64,27,29.7,1350,6.7,5.6,실패
고종욱,1.52,17,4,삼성,64,27,29.7,1350,6.7,5.6,실패
고종욱,1.52,17,4,한화,54,27,33.3,1334,6.1,5.6,도루
고종욱,1.52,17,4,한화,54,27,33.3,1334,6.1,5.6,실패
고종욱,1.52,17,4,한화,54,27,33.3,1334,6.1,5.6,도루
구자욱,2.17,10,0,KIA,72,24,25,1375,7,7,도루
구자욱,2.17,10,0,LG,80,34,29.8,1603,7.1,7,도루
구자욱,2.17,10,0,LG,80,34,29.8,1603,7.1,7,도루
구자욱,2.17,10,0,NC,40,22,35.5,1006,6.2,7,도루
구자욱,2.17,10,0,NC,40,22,35.5,1006,6.2,7,실패
구자욱,2.17,10,0,NC,40,22,35.5,1006,6.2,7,실패
구자욱,2.17,10,0,SK,74,27,26.7,1282,7.9,7,도루
구자욱,2.17,10,0,SK,74,27,26.7,1282,7.9,7,실패
구자욱,2.17,10,0,넥센,34,14,29.2,919,5.2,7,실패
구자욱,2.17,10,0,두산,49,33,40.2,1322,6.2,7,도루
구자욱,2.17,10,0,두산,49,33,40.2,1322,6.2,7,도루
구자욱,2.17,10,0,두산,49,33,40.2,1322,6.2,7,실패
구자욱,2.17,10,0,롯데,41,24,36.9,916,7.1,7,실패
구자욱,2.17,10,0,롯데,41,24,36.9,916,7.1,7,도루
구자욱,2.17,10,0,한화,54,27,33.3,1334,6.1,7,도루
구자욱,2.17,10,0,한화,54,27,33.3,1334,6.1,7,실패
구자욱,2.17,10,0,한화,54,27,33.3,1334,6.1,7,도루
김동엽,1.31,11,2,KIA,72,24,25,1375,7,3.7,실패
김동엽,1.31,11,2,KIA,72,24,25,1375,7,3.7,도루
김동엽,1.31,11,2,롯데,41,24,36.9,916,7.1,3.7,도루
김성욱,1.31,11,2,KIA,72,24,25,1375,7,5.1,실패
김성욱,1.31,11,2,kt,69,27,28.1,1501,6.4,5.1,도루
김성욱,1.31,11,2,kt,69,27,28.1,1501,6.4,5.1,도루
김성욱,1.31,11,2,SK,74,27,26.7,1282,7.9,5.1,실패
김성욱,1.31,11,2,삼성,64,27,29.7,1350,6.7,5.1,도루
김성욱,1.31,11,2,한화,54,27,33.3,1334,6.1,5.1,도루
김용의,1.56,10,1,KIA,72,24,25,1375,7,6.2,도루
김용의,1.56,10,1,KIA,72,24,25,1375,7,6.2,도루
김용의,1.56,10,1,KIA,72,24,25,1375,7,6.2,도루
김용의,1.56,10,1,kt,69,27,28.1,1501,6.4,6.2,도루
김용의,1.56,10,1,kt,69,27,28.1,1501,6.4,6.2,도루
김용의,1.56,10,1,kt,69,27,28.1,1501,6.4,6.2,도루
김용의,1.56,10,1,SK,74,27,26.7,1282,7.9,6.2,도루
김용의,1.56,10,1,SK,74,27,26.7,1282,7.9,6.2,실패
김용의,1.56,10,1,SK,74,27,26.7,1282,7.9,6.2,실패
김용의,1.56,10,1,SK,74,27,26.7,1282,7.9,6.2,실패
김용의,1.56,10,1,SK,74,27,26.7,1282,7.9,6.2,도루
김용의,1.56,10,1,넥센,34,14,29.2,919,5.2,6.2,실패
김용의,1.56,10,1,넥센,34,14,29.2,919,5.2,6.2,도루
김용의,1.56,10,1,넥센,34,14,29.2,919,5.2,6.2,도루
김용의,1.56,10,1,넥센,34,14,29.2,919,5.2,6.2,도루
김용의,1.56,10,1,넥센,34,14,29.2,919,5.2,6.2,실패
김용의,1.56,10,1,넥센,34,14,29.2,919,5.2,6.2,도루
김용의,1.56,10,1,넥센,34,14,29.2,919,5.2,6.2,도루
김용의,1.56,10,1,두산,49,33,40.2,1322,6.2,6.2,실패
김용의,1.56,10,1,두산,49,33,40.2,1322,6.2,6.2,도루
김용의,1.56,10,1,두산,49,33,40.2,1322,6.2,6.2,도루
김용의,1.56,10,1,롯데,41,24,36.9,916,7.1,6.2,실패
김용의,1.56,10,1,삼성,64,27,29.7,1350,6.7,6.2,실패
김용의,1.56,10,1,삼성,64,27,29.7,1350,6.7,6.2,도루
김용의,1.56,10,1,삼성,64,27,29.7,1350,6.7,6.2,도루
김주찬,1.25,8,1,kt,69,27,28.1,1501,6.4,3.6,도루
김주찬,1.25,8,1,LG,80,34,29.8,1603,7.1,3.6,도루
김주찬,1.25,8,1,LG,80,34,29.8,1603,7.1,3.6,도루
김주찬,1.25,8,1,LG,80,34,29.8,1603,7.1,3.6,도루
김주찬,1.25,8,1,NC,40,22,35.5,1006,6.2,3.6,실패
김주찬,1.25,8,1,SK,74,27,26.7,1282,7.9,3.6,도루
김주찬,1.25,8,1,SK,74,27,26.7,1282,7.9,3.6,실패
김주찬,1.25,8,1,두산,49,33,40.2,1322,6.2,3.6,실패
김주찬,1.25,8,1,두산,49,33,40.2,1322,6.2,3.6,도루
김주찬,1.25,8,1,두산,49,33,40.2,1322,6.2,3.6,실패
김주찬,1.25,8,1,두산,49,33,40.2,1322,6.2,3.6,실패
김주찬,1.25,8,1,롯데,41,24,36.9,916,7.1,3.6,실패
김주찬,1.25,8,1,한화,54,27,33.3,1334,6.1,3.6,실패
김주찬,1.25,8,1,한화,54,27,33.3,1334,6.1,3.6,도루
김주찬,1.25,8,1,한화,54,27,33.3,1334,6.1,3.6,도루
김하성,0.78,8,2,KIA,72,24,25,1375,7,5,실패
김하성,0.78,8,2,KIA,72,24,25,1375,7,5,도루
김하성,0.78,8,2,KIA,72,24,25,1375,7,5,도루
김하성,0.78,8,2,KIA,72,24,25,1375,7,5,실패
김하성,0.78,8,2,KIA,72,24,25,1375,7,5,도루
김하성,0.78,8,2,KIA,72,24,25,1375,7,5,도루
김하성,0.78,8,2,KIA,72,24,25,1375,7,5,도루
김하성,0.78,8,2,KIA,72,24,25,1375,7,5,도루
김하성,0.78,8,2,kt,69,27,28.1,1501,6.4,5,도루
김하성,0.78,8,2,kt,69,27,28.1,1501,6.4,5,도루
김하성,0.78,8,2,kt,69,27,28.1,1501,6.4,5,실패
김하성,0.78,8,2,LG,80,34,29.8,1603,7.1,5,도루
김하성,0.78,8,2,LG,80,34,29.8,1603,7.1,5,실패
김하성,0.78,8,2,LG,80,34,29.8,1603,7.1,5,실패
김하성,0.78,8,2,LG,80,34,29.8,1603,7.1,5,실패
김하성,0.78,8,2,LG,80,34,29.8,1603,7.1,5,도루
김하성,0.78,8,2,NC,40,22,35.5,1006,6.2,5,도루
김하성,0.78,8,2,NC,40,22,35.5,1006,6.2,5,도루
김하성,0.78,8,2,NC,40,22,35.5,1006,6.2,5,도루
김하성,0.78,8,2,SK,74,27,26.7,1282,7.9,5,실패
김하성,0.78,8,2,SK,74,27,26.7,1282,7.9,5,도루
김하성,0.78,8,2,SK,74,27,26.7,1282,7.9,5,도루
김하성,0.78,8,2,SK,74,27,26.7,1282,7.9,5,도루
김하성,0.78,8,2,SK,74,27,26.7,1282,7.9,5,실패
김하성,0.78,8,2,두산,49,33,40.2,1322,6.2,5,도루
김하성,0.78,8,2,두산,49,33,40.2,1322,6.2,5,도루
김하성,0.78,8,2,두산,49,33,40.2,1322,6.2,5,실패
김하성,0.78,8,2,롯데,41,24,36.9,916,7.1,5,도루
김하성,0.78,8,2,삼성,64,27,29.7,1350,6.7,5,실패
김하성,0.78,8,2,삼성,64,27,29.7,1350,6.7,5,도루
김하성,0.78,8,2,삼성,64,27,29.7,1350,6.7,5,도루
김하성,0.78,8,2,삼성,64,27,29.7,1350,6.7,5,도루
김하성,0.78,8,2,삼성,64,27,29.7,1350,6.7,5,실패
김하성,0.78,8,2,삼성,64,27,29.7,1350,6.7,5,실패
김하성,0.78,8,2,한화,54,27,33.3,1334,6.1,5,실패
김하성,0.78,8,2,한화,54,27,33.3,1334,6.1,5,실패
김하성,0.78,8,2,한화,54,27,33.3,1334,6.1,5,실패
김하성,0.78,8,2,한화,54,27,33.3,1334,6.1,5,도루
김하성,0.78,8,2,한화,54,27,33.3,1334,6.1,5,도루
김하성,0.78,8,2,한화,54,27,33.3,1334,6.1,5,도루
나성범,2.2,15,2,KIA,72,24,25,1375,7,5.7,도루
나성범,2.2,15,2,kt,69,27,28.1,1501,6.4,5.7,실패
나성범,2.2,15,2,kt,69,27,28.1,1501,6.4,5.7,도루
나성범,2.2,15,2,kt,69,27,28.1,1501,6.4,5.7,도루
나성범,2.2,15,2,kt,69,27,28.1,1501,6.4,5.7,도루
나성범,2.2,15,2,LG,80,34,29.8,1603,7.1,5.7,실패
나성범,2.2,15,2,LG,80,34,29.8,1603,7.1,5.7,도루
나성범,2.2,15,2,SK,74,27,26.7,1282,7.9,5.7,실패
나성범,2.2,15,2,두산,49,33,40.2,1322,6.2,5.7,도루
나성범,2.2,15,2,삼성,64,27,29.7,1350,6.7,5.7,도루
나성범,2.2,15,2,한화,54,27,33.3,1334,6.1,5.7,도루
나성범,2.2,15,2,한화,54,27,33.3,1334,6.1,5.7,실패
노수광,3.23,25,4,kt,69,27,28.1,1501,6.4,7.6,도루
노수광,3.23,25,4,LG,80,34,29.8,1603,7.1,7.6,실패
노수광,3.23,25,4,NC,40,22,35.5,1006,6.2,7.6,도루
노수광,3.23,25,4,SK,74,27,26.7,1282,7.9,7.6,도루
노수광,3.23,25,4,넥센,34,14,29.2,919,5.2,7.6,실패
노수광,3.23,25,4,넥센,34,14,29.2,919,5.2,7.6,도루
노수광,3.23,25,4,넥센,34,14,29.2,919,5.2,7.6,도루
노수광,3.23,25,4,롯데,41,24,36.9,916,7.1,7.6,도루
노수광,3.23,25,4,롯데,41,24,36.9,916,7.1,7.6,도루
노수광,3.23,25,4,삼성,64,27,29.7,1350,6.7,7.6,도루
노수광,3.23,25,4,삼성,64,27,29.7,1350,6.7,7.6,도루
노수광,3.23,25,4,한화,54,27,33.3,1334,6.1,7.6,도루
노수광,3.23,25,4,한화,54,27,33.3,1334,6.1,7.6,도루
노수광,3.23,25,4,한화,54,27,33.3,1334,6.1,7.6,도루
박민우,1.09,17,5,KIA,72,24,25,1375,7,6.8,실패
박민우,1.09,17,5,KIA,72,24,25,1375,7,6.8,도루
박민우,1.09,17,5,KIA,72,24,25,1375,7,6.8,도루
박민우,1.09,17,5,KIA,72,24,25,1375,7,6.8,도루
박민우,1.09,17,5,kt,69,27,28.1,1501,6.4,6.8,도루
박민우,1.09,17,5,kt,69,27,28.1,1501,6.4,6.8,실패
박민우,1.09,17,5,kt,69,27,28.1,1501,6.4,6.8,도루
박민우,1.09,17,5,kt,69,27,28.1,1501,6.4,6.8,도루
박민우,1.09,17,5,LG,80,34,29.8,1603,7.1,6.8,실패
박민우,1.09,17,5,SK,74,27,26.7,1282,7.9,6.8,실패
박민우,1.09,17,5,SK,74,27,26.7,1282,7.9,6.8,도루
박민우,1.09,17,5,넥센,34,14,29.2,919,5.2,6.8,도루
박민우,1.09,17,5,넥센,34,14,29.2,919,5.2,6.8,실패
박민우,1.09,17,5,넥센,34,14,29.2,919,5.2,6.8,도루
박민우,1.09,17,5,넥센,34,14,29.2,919,5.2,6.8,도루
박민우,1.09,17,5,두산,49,33,40.2,1322,6.2,6.8,도루
박민우,1.09,17,5,두산,49,33,40.2,1322,6.2,6.8,도루
박민우,1.09,17,5,두산,49,33,40.2,1322,6.2,6.8,도루
박민우,1.09,17,5,롯데,41,24,36.9,916,7.1,6.8,도루
박민우,1.09,17,5,롯데,41,24,36.9,916,7.1,6.8,도루
박민우,1.09,17,5,롯데,41,24,36.9,916,7.1,6.8,도루
박민우,1.09,17,5,삼성,64,27,29.7,1350,6.7,6.8,도루
박민우,1.09,17,5,한화,54,27,33.3,1334,6.1,6.8,도루
박민우,1.09,17,5,한화,54,27,33.3,1334,6.1,6.8,도루
박민우,1.09,17,5,한화,54,27,33.3,1334,6.1,6.8,실패
박민우,1.09,17,5,한화,54,27,33.3,1334,6.1,6.8,도루
박민우,1.09,17,5,한화,54,27,33.3,1334,6.1,6.8,도루
박세혁,1.06,5,0,kt,69,27,28.1,1501,6.4,5.6,도루
박세혁,1.06,5,0,SK,74,27,26.7,1282,7.9,5.6,도루
박세혁,1.06,5,0,롯데,41,24,36.9,916,7.1,5.6,실패
박세혁,1.06,5,0,한화,54,27,33.3,1334,6.1,5.6,실패
박해민,2.47,36,10,KIA,72,24,25,1375,7,7.7,실패
박해민,2.47,36,10,KIA,72,24,25,1375,7,7.7,도루
박해민,2.47,36,10,KIA,72,24,25,1375,7,7.7,도루
박해민,2.47,36,10,KIA,72,24,25,1375,7,7.7,실패
박해민,2.47,36,10,KIA,72,24,25,1375,7,7.7,도루
박해민,2.47,36,10,KIA,72,24,25,1375,7,7.7,도루
박해민,2.47,36,10,KIA,72,24,25,1375,7,7.7,도루
박해민,2.47,36,10,KIA,72,24,25,1375,7,7.7,도루
박해민,2.47,36,10,kt,69,27,28.1,1501,6.4,7.7,실패
박해민,2.47,36,10,kt,69,27,28.1,1501,6.4,7.7,도루
박해민,2.47,36,10,kt,69,27,28.1,1501,6.4,7.7,도루
박해민,2.47,36,10,kt,69,27,28.1,1501,6.4,7.7,도루
박해민,2.47,36,10,kt,69,27,28.1,1501,6.4,7.7,도루
박해민,2.47,36,10,kt,69,27,28.1,1501,6.4,7.7,도루
박해민,2.47,36,10,kt,69,27,28.1,1501,6.4,7.7,도루
박해민,2.47,36,10,LG,80,34,29.8,1603,7.1,7.7,도루
박해민,2.47,36,10,LG,80,34,29.8,1603,7.1,7.7,도루
박해민,2.47,36,10,LG,80,34,29.8,1603,7.1,7.7,실패
박해민,2.47,36,10,LG,80,34,29.8,1603,7.1,7.7,실패
박해민,2.47,36,10,LG,80,34,29.8,1603,7.1,7.7,실패
박해민,2.47,36,10,LG,80,34,29.8,1603,7.1,7.7,도루
박해민,2.47,36,10,NC,40,22,35.5,1006,6.2,7.7,도루
박해민,2.47,36,10,NC,40,22,35.5,1006,6.2,7.7,도루
박해민,2.47,36,10,NC,40,22,35.5,1006,6.2,7.7,도루
박해민,2.47,36,10,NC,40,22,35.5,1006,6.2,7.7,도루
박해민,2.47,36,10,NC,40,22,35.5,1006,6.2,7.7,도루
박해민,2.47,36,10,NC,40,22,35.5,1006,6.2,7.7,도루
박해민,2.47,36,10,SK,74,27,26.7,1282,7.9,7.7,도루
박해민,2.47,36,10,SK,74,27,26.7,1282,7.9,7.7,도루
박해민,2.47,36,10,SK,74,27,26.7,1282,7.9,7.7,실패
박해민,2.47,36,10,SK,74,27,26.7,1282,7.9,7.7,도루
박해민,2.47,36,10,SK,74,27,26.7,1282,7.9,7.7,도루
박해민,2.47,36,10,SK,74,27,26.7,1282,7.9,7.7,도루
박해민,2.47,36,10,SK,74,27,26.7,1282,7.9,7.7,도루
박해민,2.47,36,10,넥센,34,14,29.2,919,5.2,7.7,실패
박해민,2.47,36,10,넥센,34,14,29.2,919,5.2,7.7,도루
박해민,2.47,36,10,넥센,34,14,29.2,919,5.2,7.7,도루
박해민,2.47,36,10,넥센,34,14,29.2,919,5.2,7.7,도루
박해민,2.47,36,10,넥센,34,14,29.2,919,5.2,7.7,도루
박해민,2.47,36,10,넥센,34,14,29.2,919,5.2,7.7,실패
박해민,2.47,36,10,넥센,34,14,29.2,919,5.2,7.7,도루
박해민,2.47,36,10,넥센,34,14,29.2,919,5.2,7.7,도루
박해민,2.47,36,10,넥센,34,14,29.2,919,5.2,7.7,도루
박해민,2.47,36,10,넥센,34,14,29.2,919,5.2,7.7,실패
박해민,2.47,36,10,넥센,34,14,29.2,919,5.2,7.7,도루
박해민,2.47,36,10,두산,49,33,40.2,1322,6.2,7.7,실패
박해민,2.47,36,10,두산,49,33,40.2,1322,6.2,7.7,도루
박해민,2.47,36,10,두산,49,33,40.2,1322,6.2,7.7,도루
박해민,2.47,36,10,두산,49,33,40.2,1322,6.2,7.7,실패
박해민,2.47,36,10,두산,49,33,40.2,1322,6.2,7.7,도루
박해민,2.47,36,10,두산,49,33,40.2,1322,6.2,7.7,실패
박해민,2.47,36,10,롯데,41,24,36.9,916,7.1,7.7,도루
박해민,2.47,36,10,롯데,41,24,36.9,916,7.1,7.7,도루
박해민,2.47,36,10,롯데,41,24,36.9,916,7.1,7.7,도루
박해민,2.47,36,10,롯데,41,24,36.9,916,7.1,7.7,도루
박해민,2.47,36,10,롯데,41,24,36.9,916,7.1,7.7,실패
박해민,2.47,36,10,롯데,41,24,36.9,916,7.1,7.7,도루
박해민,2.47,36,10,한화,54,27,33.3,1334,6.1,7.7,도루
박해민,2.47,36,10,한화,54,27,33.3,1334,6.1,7.7,도루
박해민,2.47,36,10,한화,54,27,33.3,1334,6.1,7.7,도루
박해민,2.47,36,10,한화,54,27,33.3,1334,6.1,7.7,실패
박해민,2.47,36,10,한화,54,27,33.3,1334,6.1,7.7,도루
박해민,2.47,36,10,한화,54,27,33.3,1334,6.1,7.7,도루
박해민,2.47,36,10,한화,54,27,33.3,1334,6.1,7.7,도루
박해민,2.47,36,10,한화,54,27,33.3,1334,6.1,7.7,도루
손아섭,2.72,20,3,KIA,72,24,25,1375,7,5.9,도루
손아섭,2.72,20,3,KIA,72,24,25,1375,7,5.9,도루
손아섭,2.72,20,3,KIA,72,24,25,1375,7,5.9,도루
손아섭,2.72,20,3,KIA,72,24,25,1375,7,5.9,도루
손아섭,2.72,20,3,KIA,72,24,25,1375,7,5.9,도루
손아섭,2.72,20,3,KIA,72,24,25,1375,7,5.9,도루
손아섭,2.72,20,3,KIA,72,24,25,1375,7,5.9,도루
손아섭,2.72,20,3,kt,69,27,28.1,1501,6.4,5.9,도루
손아섭,2.72,20,3,kt,69,27,28.1,1501,6.4,5.9,도루
손아섭,2.72,20,3,kt,69,27,28.1,1501,6.4,5.9,도루
손아섭,2.72,20,3,LG,80,34,29.8,1603,7.1,5.9,실패
손아섭,2.72,20,3,LG,80,34,29.8,1603,7.1,5.9,도루
손아섭,2.72,20,3,NC,40,22,35.5,1006,6.2,5.9,도루
손아섭,2.72,20,3,NC,40,22,35.5,1006,6.2,5.9,도루
손아섭,2.72,20,3,SK,74,27,26.7,1282,7.9,5.9,도루
손아섭,2.72,20,3,SK,74,27,26.7,1282,7.9,5.9,도루
손아섭,2.72,20,3,SK,74,27,26.7,1282,7.9,5.9,도루
손아섭,2.72,20,3,SK,74,27,26.7,1282,7.9,5.9,도루
손아섭,2.72,20,3,SK,74,27,26.7,1282,7.9,5.9,도루
손아섭,2.72,20,3,넥센,34,14,29.2,919,5.2,5.9,도루
손아섭,2.72,20,3,두산,49,33,40.2,1322,6.2,5.9,도루
손아섭,2.72,20,3,두산,49,33,40.2,1322,6.2,5.9,도루
손아섭,2.72,20,3,두산,49,33,40.2,1322,6.2,5.9,도루
손아섭,2.72,20,3,두산,49,33,40.2,1322,6.2,5.9,도루
손아섭,2.72,20,3,두산,49,33,40.2,1322,6.2,5.9,도루
손아섭,2.72,20,3,두산,49,33,40.2,1322,6.2,5.9,도루
손아섭,2.72,20,3,두산,49,33,40.2,1322,6.2,5.9,도루
손아섭,2.72,20,3,두산,49,33,40.2,1322,6.2,5.9,도루
손아섭,2.72,20,3,두산,49,33,40.2,1322,6.2,5.9,도루
손아섭,2.72,20,3,삼성,64,27,29.7,1350,6.7,5.9,도루
손아섭,2.72,20,3,삼성,64,27,29.7,1350,6.7,5.9,도루
손아섭,2.72,20,3,삼성,64,27,29.7,1350,6.7,5.9,도루
손아섭,2.72,20,3,삼성,64,27,29.7,1350,6.7,5.9,도루
손아섭,2.72,20,3,삼성,64,27,29.7,1350,6.7,5.9,도루
손아섭,2.72,20,3,삼성,64,27,29.7,1350,6.7,5.9,도루
손아섭,2.72,20,3,삼성,64,27,29.7,1350,6.7,5.9,도루
손아섭,2.72,20,3,한화,54,27,33.3,1334,6.1,5.9,도루
손아섭,2.72,20,3,한화,54,27,33.3,1334,6.1,5.9,실패
손아섭,2.72,20,3,한화,54,27,33.3,1334,6.1,5.9,도루
손아섭,2.72,20,3,한화,54,27,33.3,1334,6.1,5.9,실패
손아섭,2.72,20,3,한화,54,27,33.3,1334,6.1,5.9,도루
손아섭,2.72,20,3,한화,54,27,33.3,1334,6.1,5.9,도루
손아섭,2.72,20,3,한화,54,27,33.3,1334,6.1,5.9,실패
손주인,0.67,3,0,KIA,72,24,25,1375,7,2.7,도루
손주인,0.67,3,0,KIA,72,24,25,1375,7,2.7,실패
손주인,0.67,3,0,kt,69,27,28.1,1501,6.4,2.7,실패
손주인,0.67,3,0,NC,40,22,35.5,1006,6.2,2.7,도루
손주인,0.67,3,0,넥센,34,14,29.2,919,5.2,2.7,도루
손주인,0.67,3,0,롯데,41,24,36.9,916,7.1,2.7,도루
손주인,0.67,3,0,롯데,41,24,36.9,916,7.1,2.7,실패
손주인,0.67,3,0,삼성,64,27,29.7,1350,6.7,2.7,도루
손주인,0.67,3,0,삼성,64,27,29.7,1350,6.7,2.7,도루
손주인,0.67,3,0,삼성,64,27,29.7,1350,6.7,2.7,실패
안치홍,0.67,5,1,LG,80,34,29.8,1603,7.1,3.7,도루
양의지,1.37,6,0,NC,40,22,35.5,1006,6.2,3.9,도루
양의지,1.37,6,0,NC,40,22,35.5,1006,6.2,3.9,도루
양의지,1.37,6,0,한화,54,27,33.3,1334,6.1,3.9,도루
유재신,0.82,4,0,KIA,72,24,25,1375,7,8,실패
유재신,0.82,4,0,KIA,72,24,25,1375,7,8,도루
유재신,0.82,4,0,KIA,72,24,25,1375,7,8,실패
유재신,0.82,4,0,kt,69,27,28.1,1501,6.4,8,실패
유재신,0.82,4,0,kt,69,27,28.1,1501,6.4,8,도루
유재신,0.82,4,0,kt,69,27,28.1,1501,6.4,8,실패
유재신,0.82,4,0,kt,69,27,28.1,1501,6.4,8,실패
유재신,0.82,4,0,kt,69,27,28.1,1501,6.4,8,도루
유재신,0.82,4,0,kt,69,27,28.1,1501,6.4,8,도루
유재신,0.82,4,0,kt,69,27,28.1,1501,6.4,8,실패
유재신,0.82,4,0,LG,80,34,29.8,1603,7.1,8,도루
유재신,0.82,4,0,LG,80,34,29.8,1603,7.1,8,도루
유재신,0.82,4,0,LG,80,34,29.8,1603,7.1,8,도루
유재신,0.82,4,0,SK,74,27,26.7,1282,7.9,8,실패
유재신,0.82,4,0,SK,74,27,26.7,1282,7.9,8,도루
유재신,0.82,4,0,롯데,41,24,36.9,916,7.1,8,실패
유재신,0.82,4,0,롯데,41,24,36.9,916,7.1,8,도루
유재신,0.82,4,0,롯데,41,24,36.9,916,7.1,8,도루
유재신,0.82,4,0,삼성,64,27,29.7,1350,6.7,8,도루
유재신,0.82,4,0,삼성,64,27,29.7,1350,6.7,8,도루
유재신,0.82,4,0,삼성,64,27,29.7,1350,6.7,8,도루
유재신,0.82,4,0,한화,54,27,33.3,1334,6.1,8,도루
유재신,0.82,4,0,한화,54,27,33.3,1334,6.1,8,도루
이용규,0.8,30,11,KIA,72,24,25,1375,7,5.3,실패
이용규,0.8,30,11,KIA,72,24,25,1375,7,5.3,도루
이용규,0.8,30,11,KIA,72,24,25,1375,7,5.3,도루
이용규,0.8,30,11,KIA,72,24,25,1375,7,5.3,도루
이용규,0.8,30,11,KIA,72,24,25,1375,7,5.3,도루
이용규,0.8,30,11,KIA,72,24,25,1375,7,5.3,도루
이용규,0.8,30,11,KIA,72,24,25,1375,7,5.3,도루
이용규,0.8,30,11,KIA,72,24,25,1375,7,5.3,실패
이용규,0.8,30,11,kt,69,27,28.1,1501,6.4,5.3,도루
이용규,0.8,30,11,kt,69,27,28.1,1501,6.4,5.3,도루
이용규,0.8,30,11,kt,69,27,28.1,1501,6.4,5.3,도루
이용규,0.8,30,11,LG,80,34,29.8,1603,7.1,5.3,도루
이용규,0.8,30,11,LG,80,34,29.8,1603,7.1,5.3,도루
이용규,0.8,30,11,NC,40,22,35.5,1006,6.2,5.3,도루
이용규,0.8,30,11,NC,40,22,35.5,1006,6.2,5.3,도루
이용규,0.8,30,11,NC,40,22,35.5,1006,6.2,5.3,실패
이용규,0.8,30,11,SK,74,27,26.7,1282,7.9,5.3,실패
이용규,0.8,30,11,SK,74,27,26.7,1282,7.9,5.3,도루
이용규,0.8,30,11,SK,74,27,26.7,1282,7.9,5.3,실패
이용규,0.8,30,11,SK,74,27,26.7,1282,7.9,5.3,실패
이용규,0.8,30,11,SK,74,27,26.7,1282,7.9,5.3,도루
이용규,0.8,30,11,넥센,34,14,29.2,919,5.2,5.3,실패
이용규,0.8,30,11,넥센,34,14,29.2,919,5.2,5.3,실패
이용규,0.8,30,11,넥센,34,14,29.2,919,5.2,5.3,실패
이용규,0.8,30,11,넥센,34,14,29.2,919,5.2,5.3,실패
이용규,0.8,30,11,넥센,34,14,29.2,919,5.2,5.3,도루
이용규,0.8,30,11,넥센,34,14,29.2,919,5.2,5.3,실패
이용규,0.8,30,11,두산,49,33,40.2,1322,6.2,5.3,도루
이용규,0.8,30,11,롯데,41,24,36.9,916,7.1,5.3,도루
이용규,0.8,30,11,롯데,41,24,36.9,916,7.1,5.3,도루
이용규,0.8,30,11,롯데,41,24,36.9,916,7.1,5.3,도루
이용규,0.8,30,11,삼성,64,27,29.7,1350,6.7,5.3,도루
이용규,0.8,30,11,삼성,64,27,29.7,1350,6.7,5.3,실패
이용규,0.8,30,11,삼성,64,27,29.7,1350,6.7,5.3,도루
임병욱,1.83,16,3,KIA,72,24,25,1375,7,6.7,도루
임병욱,1.83,16,3,KIA,72,24,25,1375,7,6.7,실패
임병욱,1.83,16,3,KIA,72,24,25,1375,7,6.7,도루
임병욱,1.83,16,3,KIA,72,24,25,1375,7,6.7,도루
임병욱,1.83,16,3,KIA,72,24,25,1375,7,6.7,도루
임병욱,1.83,16,3,KIA,72,24,25,1375,7,6.7,도루
임병욱,1.83,16,3,kt,69,27,28.1,1501,6.4,6.7,도루
임병욱,1.83,16,3,kt,69,27,28.1,1501,6.4,6.7,도루
임병욱,1.83,16,3,LG,80,34,29.8,1603,7.1,6.7,도루
임병욱,1.83,16,3,LG,80,34,29.8,1603,7.1,6.7,실패
임병욱,1.83,16,3,NC,40,22,35.5,1006,6.2,6.7,도루
임병욱,1.83,16,3,NC,40,22,35.5,1006,6.2,6.7,실패
임병욱,1.83,16,3,SK,74,27,26.7,1282,7.9,6.7,도루
임병욱,1.83,16,3,SK,74,27,26.7,1282,7.9,6.7,도루
임병욱,1.83,16,3,SK,74,27,26.7,1282,7.9,6.7,실패
임병욱,1.83,16,3,두산,49,33,40.2,1322,6.2,6.7,실패
임병욱,1.83,16,3,두산,49,33,40.2,1322,6.2,6.7,도루
임병욱,1.83,16,3,두산,49,33,40.2,1322,6.2,6.7,도루
임병욱,1.83,16,3,삼성,64,27,29.7,1350,6.7,6.7,도루
임병욱,1.83,16,3,삼성,64,27,29.7,1350,6.7,6.7,실패
임병욱,1.83,16,3,한화,54,27,33.3,1334,6.1,6.7,실패
임병욱,1.83,16,3,한화,54,27,33.3,1334,6.1,6.7,도루
임병욱,1.83,16,3,한화,54,27,33.3,1334,6.1,6.7,도루
임병욱,1.83,16,3,한화,54,27,33.3,1334,6.1,6.7,도루
정주현,2.22,18,3,KIA,72,24,25,1375,7,6,도루
정주현,2.22,18,3,KIA,72,24,25,1375,7,6,도루
정주현,2.22,18,3,KIA,72,24,25,1375,7,6,도루
정주현,2.22,18,3,kt,69,27,28.1,1501,6.4,6,실패
정주현,2.22,18,3,SK,74,27,26.7,1282,7.9,6,실패
정주현,2.22,18,3,SK,74,27,26.7,1282,7.9,6,실패
정주현,2.22,18,3,SK,74,27,26.7,1282,7.9,6,도루
정주현,2.22,18,3,넥센,34,14,29.2,919,5.2,6,도루
정주현,2.22,18,3,롯데,41,24,36.9,916,7.1,6,실패
정주현,2.22,18,3,롯데,41,24,36.9,916,7.1,6,실패
정주현,2.22,18,3,삼성,64,27,29.7,1350,6.7,6,도루
정주현,2.22,18,3,한화,54,27,33.3,1334,6.1,6,실패
조수행,1.85,9,0,kt,69,27,28.1,1501,6.4,7.5,도루
조수행,1.85,9,0,NC,40,22,35.5,1006,6.2,7.5,실패
조수행,1.85,9,0,SK,74,27,26.7,1282,7.9,7.5,실패
조수행,1.85,9,0,넥센,34,14,29.2,919,5.2,7.5,도루
조수행,1.85,9,0,한화,54,27,33.3,1334,6.1,7.5,실패
최정,0.95,9,2,KIA,72,24,25,1375,7,4.5,도루
최정,0.95,9,2,두산,49,33,40.2,1322,6.2,4.5,실패
최정,0.95,9,2,두산,49,33,40.2,1322,6.2,4.5,실패
최형우,0.8,3,0,NC,40,22,35.5,1006,6.2,3,도루
최형우,0.8,3,0,롯데,41,24,36.9,916,7.1,3,도루
최형우,0.8,3,0,한화,54,27,33.3,1334,6.1,3,실패
최형우,0.8,3,0,한화,54,27,33.3,1334,6.1,3,실패
허경민,2.21,20,4,KIA,72,24,25,1375,7,5.9,도루
허경민,2.21,20,4,LG,80,34,29.8,1603,7.1,5.9,실패
허경민,2.21,20,4,LG,80,34,29.8,1603,7.1,5.9,실패
허경민,2.21,20,4,NC,40,22,35.5,1006,6.2,5.9,실패
허경민,2.21,20,4,NC,40,22,35.5,1006,6.2,5.9,도루
허경민,2.21,20,4,NC,40,22,35.5,1006,6.2,5.9,도루
허경민,2.21,20,4,SK,74,27,26.7,1282,7.9,5.9,도루
허경민,2.21,20,4,넥센,34,14,29.2,919,5.2,5.9,실패
허경민,2.21,20,4,넥센,34,14,29.2,919,5.2,5.9,도루
허경민,2.21,20,4,롯데,41,24,36.9,916,7.1,5.9,실패
허경민,2.21,20,4,삼성,64,27,29.7,1350,6.7,5.9,도루
허경민,2.21,20,4,삼성,64,27,29.7,1350,6.7,5.9,실패
허경민,2.21,20,4,한화,54,27,33.3,1334,6.1,5.9,도루
고종욱,1.83,31,10,KIA,64,27,29.7,1121,8.1,7.6,도루
고종욱,1.83,31,10,KIA,64,27,29.7,1121,8.1,7.6,도루
고종욱,1.83,31,10,KIA,64,27,29.7,1121,8.1,7.6,도루
고종욱,1.83,31,10,KIA,64,27,29.7,1121,8.1,7.6,도루
고종욱,1.83,31,10,KIA,64,27,29.7,1121,8.1,7.6,실패
고종욱,1.83,31,10,KIA,64,27,29.7,1121,8.1,7.6,도루
고종욱,1.83,31,10,KIA,64,27,29.7,1121,8.1,7.6,도루
고종욱,1.83,31,10,KIA,64,27,29.7,1121,8.1,7.6,도루
고종욱,1.83,31,10,kt,64,28,30.4,1365,6.7,7.6,도루
고종욱,1.83,31,10,kt,64,28,30.4,1365,6.7,7.6,실패
고종욱,1.83,31,10,kt,64,28,30.4,1365,6.7,7.6,실패
고종욱,1.83,31,10,kt,64,28,30.4,1365,6.7,7.6,실패
고종욱,1.83,31,10,kt,64,28,30.4,1365,6.7,7.6,도루
고종욱,1.83,31,10,kt,64,28,30.4,1365,6.7,7.6,실패
고종욱,1.83,31,10,kt,64,28,30.4,1365,6.7,7.6,실패
고종욱,1.83,31,10,LG,90,30,25,1543,7.8,7.6,도루
고종욱,1.83,31,10,LG,90,30,25,1543,7.8,7.6,도루
고종욱,1.83,31,10,LG,90,30,25,1543,7.8,7.6,실패
고종욱,1.83,31,10,LG,90,30,25,1543,7.8,7.6,도루
고종욱,1.83,31,10,LG,90,30,25,1543,7.8,7.6,도루
고종욱,1.83,31,10,NC,38,21,35.6,1173,5,7.6,도루
고종욱,1.83,31,10,NC,38,21,35.6,1173,5,7.6,실패
고종욱,1.83,31,10,SK,87,24,21.6,1516,7.3,7.6,실패
고종욱,1.83,31,10,SK,87,24,21.6,1516,7.3,7.6,도루
고종욱,1.83,31,10,SK,87,24,21.6,1516,7.3,7.6,도루
고종욱,1.83,31,10,SK,87,24,21.6,1516,7.3,7.6,실패
고종욱,1.83,31,10,SK,87,24,21.6,1516,7.3,7.6,도루
고종욱,1.83,31,10,SK,87,24,21.6,1516,7.3,7.6,실패
고종욱,1.83,31,10,SK,87,24,21.6,1516,7.3,7.6,도루
고종욱,1.83,31,10,두산,83,25,23.2,1563,6.9,7.6,도루
고종욱,1.83,31,10,두산,83,25,23.2,1563,6.9,7.6,도루
고종욱,1.83,31,10,두산,83,25,23.2,1563,6.9,7.6,도루
고종욱,1.83,31,10,삼성,64,29,31.2,1332,7,7.6,도루
고종욱,1.83,31,10,삼성,64,29,31.2,1332,7,7.6,도루
고종욱,1.83,31,10,삼성,64,29,31.2,1332,7,7.6,도루
고종욱,1.83,31,10,삼성,64,29,31.2,1332,7,7.6,실패
고종욱,1.83,31,10,삼성,64,29,31.2,1332,7,7.6,실패
고종욱,1.83,31,10,삼성,64,29,31.2,1332,7,7.6,실패
고종욱,1.83,31,10,한화,86,41,32.3,1701,7.5,7.6,도루
고종욱,1.83,31,10,한화,86,41,32.3,1701,7.5,7.6,실패
고종욱,1.83,31,10,한화,86,41,32.3,1701,7.5,7.6,도루
구자욱,0.77,11,3,KIA,64,27,29.7,1121,8.1,6.4,도루
구자욱,0.77,11,3,LG,90,30,25,1543,7.8,6.4,도루
구자욱,0.77,11,3,LG,90,30,25,1543,7.8,6.4,도루
구자욱,0.77,11,3,NC,38,21,35.6,1173,5,6.4,도루
구자욱,0.77,11,3,NC,38,21,35.6,1173,5,6.4,실패
구자욱,0.77,11,3,NC,38,21,35.6,1173,5,6.4,실패
구자욱,0.77,11,3,SK,87,24,21.6,1516,7.3,6.4,도루
구자욱,0.77,11,3,SK,87,24,21.6,1516,7.3,6.4,실패
구자욱,0.77,11,3,넥센,50,25,33.3,897,8.4,6.4,실패
구자욱,0.77,11,3,두산,83,25,23.2,1563,6.9,6.4,도루
구자욱,0.77,11,3,두산,83,25,23.2,1563,6.9,6.4,도루
구자욱,0.77,11,3,두산,83,25,23.2,1563,6.9,6.4,실패
구자욱,0.77,11,3,롯데,26,10,27.8,681,5.3,6.4,실패
구자욱,0.77,11,3,롯데,26,10,27.8,681,5.3,6.4,도루
구자욱,0.77,11,3,한화,86,41,32.3,1701,7.5,6.4,도루
구자욱,0.77,11,3,한화,86,41,32.3,1701,7.5,6.4,실패
구자욱,0.77,11,3,한화,86,41,32.3,1701,7.5,6.4,도루
김하성,4.67,33,4,KIA,64,27,29.7,1121,8.1,6,실패
김하성,4.67,33,4,KIA,64,27,29.7,1121,8.1,6,도루
김하성,4.67,33,4,KIA,64,27,29.7,1121,8.1,6,도루
김하성,4.67,33,4,KIA,64,27,29.7,1121,8.1,6,실패
김하성,4.67,33,4,KIA,64,27,29.7,1121,8.1,6,도루
김하성,4.67,33,4,KIA,64,27,29.7,1121,8.1,6,도루
김하성,4.67,33,4,KIA,64,27,29.7,1121,8.1,6,도루
김하성,4.67,33,4,KIA,64,27,29.7,1121,8.1,6,도루
김하성,4.67,33,4,kt,64,28,30.4,1365,6.7,6,도루
김하성,4.67,33,4,kt,64,28,30.4,1365,6.7,6,도루
김하성,4.67,33,4,kt,64,28,30.4,1365,6.7,6,실패
김하성,4.67,33,4,LG,90,30,25,1543,7.8,6,도루
김하성,4.67,33,4,LG,90,30,25,1543,7.8,6,실패
김하성,4.67,33,4,LG,90,30,25,1543,7.8,6,실패
김하성,4.67,33,4,LG,90,30,25,1543,7.8,6,실패
김하성,4.67,33,4,LG,90,30,25,1543,7.8,6,도루
김하성,4.67,33,4,NC,38,21,35.6,1173,5,6,도루
김하성,4.67,33,4,NC,38,21,35.6,1173,5,6,도루
김하성,4.67,33,4,NC,38,21,35.6,1173,5,6,도루
김하성,4.67,33,4,SK,87,24,21.6,1516,7.3,6,실패
김하성,4.67,33,4,SK,87,24,21.6,1516,7.3,6,도루
김하성,4.67,33,4,SK,87,24,21.6,1516,7.3,6,도루
김하성,4.67,33,4,SK,87,24,21.6,1516,7.3,6,도루
김하성,4.67,33,4,SK,87,24,21.6,1516,7.3,6,실패
김하성,4.67,33,4,두산,83,25,23.2,1563,6.9,6,도루
김하성,4.67,33,4,두산,83,25,23.2,1563,6.9,6,도루
김하성,4.67,33,4,두산,83,25,23.2,1563,6.9,6,실패
김하성,4.67,33,4,롯데,26,10,27.8,681,5.3,6,도루
김하성,4.67,33,4,삼성,64,29,31.2,1332,7,6,실패
김하성,4.67,33,4,삼성,64,29,31.2,1332,7,6,도루
김하성,4.67,33,4,삼성,64,29,31.2,1332,7,6,도루
김하성,4.67,33,4,삼성,64,29,31.2,1332,7,6,도루
김하성,4.67,33,4,삼성,64,29,31.2,1332,7,6,실패
김하성,4.67,33,4,삼성,64,29,31.2,1332,7,6,실패
김하성,4.67,33,4,한화,86,41,32.3,1701,7.5,6,실패
김하성,4.67,33,4,한화,86,41,32.3,1701,7.5,6,실패
김하성,4.67,33,4,한화,86,41,32.3,1701,7.5,6,실패
김하성,4.67,33,4,한화,86,41,32.3,1701,7.5,6,도루
김하성,4.67,33,4,한화,86,41,32.3,1701,7.5,6,도루
김하성,4.67,33,4,한화,86,41,32.3,1701,7.5,6,도루
노수광,1.05,27,10,kt,64,28,30.4,1365,6.7,6.5,도루
노수광,1.05,27,10,LG,90,30,25,1543,7.8,6.5,실패
노수광,1.05,27,10,NC,38,21,35.6,1173,5,6.5,도루
노수광,1.05,27,10,SK,87,24,21.6,1516,7.3,6.5,도루
노수광,1.05,27,10,넥센,50,25,33.3,897,8.4,6.5,실패
노수광,1.05,27,10,넥센,50,25,33.3,897,8.4,6.5,도루
노수광,1.05,27,10,넥센,50,25,33.3,897,8.4,6.5,도루
노수광,1.05,27,10,롯데,26,10,27.8,681,5.3,6.5,도루
노수광,1.05,27,10,롯데,26,10,27.8,681,5.3,6.5,도루
노수광,1.05,27,10,삼성,64,29,31.2,1332,7,6.5,도루
노수광,1.05,27,10,삼성,64,29,31.2,1332,7,6.5,도루
노수광,1.05,27,10,한화,86,41,32.3,1701,7.5,6.5,도루
노수광,1.05,27,10,한화,86,41,32.3,1701,7.5,6.5,도루
노수광,1.05,27,10,한화,86,41,32.3,1701,7.5,6.5,도루
류지혁,1.38,18,5,KIA,64,27,29.7,1121,8.1,6,도루
류지혁,1.38,18,5,LG,90,30,25,1543,7.8,6,도루
류지혁,1.38,18,5,SK,87,24,21.6,1516,7.3,6,실패
류지혁,1.38,18,5,삼성,64,29,31.2,1332,7,6,도루
류지혁,1.38,18,5,한화,86,41,32.3,1701,7.5,6,실패
박세혁,0.57,8,2,kt,64,28,30.4,1365,6.7,6.2,도루
박세혁,0.57,8,2,SK,87,24,21.6,1516,7.3,6.2,도루
박세혁,0.57,8,2,롯데,26,10,27.8,681,5.3,6.2,실패
박세혁,0.57,8,2,한화,86,41,32.3,1701,7.5,6.2,실패
박해민,1.66,24,7,KIA,64,27,29.7,1121,8.1,7.1,실패
박해민,1.66,24,7,KIA,64,27,29.7,1121,8.1,7.1,도루
박해민,1.66,24,7,KIA,64,27,29.7,1121,8.1,7.1,도루
박해민,1.66,24,7,KIA,64,27,29.7,1121,8.1,7.1,실패
박해민,1.66,24,7,KIA,64,27,29.7,1121,8.1,7.1,도루
박해민,1.66,24,7,KIA,64,27,29.7,1121,8.1,7.1,도루
박해민,1.66,24,7,KIA,64,27,29.7,1121,8.1,7.1,도루
박해민,1.66,24,7,KIA,64,27,29.7,1121,8.1,7.1,도루
박해민,1.66,24,7,kt,64,28,30.4,1365,6.7,7.1,실패
박해민,1.66,24,7,kt,64,28,30.4,1365,6.7,7.1,도루
박해민,1.66,24,7,kt,64,28,30.4,1365,6.7,7.1,도루
박해민,1.66,24,7,kt,64,28,30.4,1365,6.7,7.1,도루
박해민,1.66,24,7,kt,64,28,30.4,1365,6.7,7.1,도루
박해민,1.66,24,7,kt,64,28,30.4,1365,6.7,7.1,도루
박해민,1.66,24,7,kt,64,28,30.4,1365,6.7,7.1,도루
박해민,1.66,24,7,LG,90,30,25,1543,7.8,7.1,도루
박해민,1.66,24,7,LG,90,30,25,1543,7.8,7.1,도루
박해민,1.66,24,7,LG,90,30,25,1543,7.8,7.1,실패
박해민,1.66,24,7,LG,90,30,25,1543,7.8,7.1,실패
박해민,1.66,24,7,LG,90,30,25,1543,7.8,7.1,실패
박해민,1.66,24,7,LG,90,30,25,1543,7.8,7.1,도루
박해민,1.66,24,7,NC,38,21,35.6,1173,5,7.1,도루
박해민,1.66,24,7,NC,38,21,35.6,1173,5,7.1,도루
박해민,1.66,24,7,NC,38,21,35.6,1173,5,7.1,도루
박해민,1.66,24,7,NC,38,21,35.6,1173,5,7.1,도루
박해민,1.66,24,7,NC,38,21,35.6,1173,5,7.1,도루
박해민,1.66,24,7,NC,38,21,35.6,1173,5,7.1,도루
박해민,1.66,24,7,SK,87,24,21.6,1516,7.3,7.1,도루
박해민,1.66,24,7,SK,87,24,21.6,1516,7.3,7.1,도루
박해민,1.66,24,7,SK,87,24,21.6,1516,7.3,7.1,실패
박해민,1.66,24,7,SK,87,24,21.6,1516,7.3,7.1,도루
박해민,1.66,24,7,SK,87,24,21.6,1516,7.3,7.1,도루
박해민,1.66,24,7,SK,87,24,21.6,1516,7.3,7.1,도루
박해민,1.66,24,7,SK,87,24,21.6,1516,7.3,7.1,도루
박해민,1.66,24,7,넥센,50,25,33.3,897,8.4,7.1,실패
박해민,1.66,24,7,넥센,50,25,33.3,897,8.4,7.1,도루
박해민,1.66,24,7,넥센,50,25,33.3,897,8.4,7.1,도루
박해민,1.66,24,7,넥센,50,25,33.3,897,8.4,7.1,도루
박해민,1.66,24,7,넥센,50,25,33.3,897,8.4,7.1,도루
박해민,1.66,24,7,넥센,50,25,33.3,897,8.4,7.1,실패
박해민,1.66,24,7,넥센,50,25,33.3,897,8.4,7.1,도루
박해민,1.66,24,7,넥센,50,25,33.3,897,8.4,7.1,도루
박해민,1.66,24,7,넥센,50,25,33.3,897,8.4,7.1,도루
박해민,1.66,24,7,넥센,50,25,33.3,897,8.4,7.1,실패
박해민,1.66,24,7,넥센,50,25,33.3,897,8.4,7.1,도루
박해민,1.66,24,7,두산,83,25,23.2,1563,6.9,7.1,실패
박해민,1.66,24,7,두산,83,25,23.2,1563,6.9,7.1,도루
박해민,1.66,24,7,두산,83,25,23.2,1563,6.9,7.1,도루
박해민,1.66,24,7,두산,83,25,23.2,1563,6.9,7.1,실패
박해민,1.66,24,7,두산,83,25,23.2,1563,6.9,7.1,도루
박해민,1.66,24,7,두산,83,25,23.2,1563,6.9,7.1,실패
박해민,1.66,24,7,롯데,26,10,27.8,681,5.3,7.1,도루
박해민,1.66,24,7,롯데,26,10,27.8,681,5.3,7.1,도루
박해민,1.66,24,7,롯데,26,10,27.8,681,5.3,7.1,도루
박해민,1.66,24,7,롯데,26,10,27.8,681,5.3,7.1,도루
박해민,1.66,24,7,롯데,26,10,27.8,681,5.3,7.1,실패
박해민,1.66,24,7,롯데,26,10,27.8,681,5.3,7.1,도루
박해민,1.66,24,7,한화,86,41,32.3,1701,7.5,7.1,도루
박해민,1.66,24,7,한화,86,41,32.3,1701,7.5,7.1,도루
박해민,1.66,24,7,한화,86,41,32.3,1701,7.5,7.1,도루
박해민,1.66,24,7,한화,86,41,32.3,1701,7.5,7.1,실패
박해민,1.66,24,7,한화,86,41,32.3,1701,7.5,7.1,도루
박해민,1.66,24,7,한화,86,41,32.3,1701,7.5,7.1,도루
박해민,1.66,24,7,한화,86,41,32.3,1701,7.5,7.1,도루
박해민,1.66,24,7,한화,86,41,32.3,1701,7.5,7.1,도루
서건창,1.93,17,3,KIA,64,27,29.7,1121,8.1,6.1,실패
서건창,1.93,17,3,KIA,64,27,29.7,1121,8.1,6.1,도루
서건창,1.93,17,3,KIA,64,27,29.7,1121,8.1,6.1,도루
서건창,1.93,17,3,KIA,64,27,29.7,1121,8.1,6.1,도루
서건창,1.93,17,3,KIA,64,27,29.7,1121,8.1,6.1,실패
서건창,1.93,17,3,KIA,64,27,29.7,1121,8.1,6.1,도루
서건창,1.93,17,3,KIA,64,27,29.7,1121,8.1,6.1,도루
서건창,1.93,17,3,kt,64,28,30.4,1365,6.7,6.1,실패
서건창,1.93,17,3,kt,64,28,30.4,1365,6.7,6.1,실패
서건창,1.93,17,3,LG,90,30,25,1543,7.8,6.1,실패
서건창,1.93,17,3,LG,90,30,25,1543,7.8,6.1,실패
서건창,1.93,17,3,NC,38,21,35.6,1173,5,6.1,도루
서건창,1.93,17,3,NC,38,21,35.6,1173,5,6.1,도루
서건창,1.93,17,3,SK,87,24,21.6,1516,7.3,6.1,도루
서건창,1.93,17,3,SK,87,24,21.6,1516,7.3,6.1,도루
서건창,1.93,17,3,SK,87,24,21.6,1516,7.3,6.1,도루
서건창,1.93,17,3,두산,83,25,23.2,1563,6.9,6.1,실패
서건창,1.93,17,3,두산,83,25,23.2,1563,6.9,6.1,도루
서건창,1.93,17,3,두산,83,25,23.2,1563,6.9,6.1,실패
서건창,1.93,17,3,두산,83,25,23.2,1563,6.9,6.1,실패
서건창,1.93,17,3,롯데,26,10,27.8,681,5.3,6.1,도루
서건창,1.93,17,3,롯데,26,10,27.8,681,5.3,6.1,도루
서건창,1.93,17,3,롯데,26,10,27.8,681,5.3,6.1,도루
서건창,1.93,17,3,롯데,26,10,27.8,681,5.3,6.1,실패
서건창,1.93,17,3,롯데,26,10,27.8,681,5.3,6.1,도루
서건창,1.93,17,3,롯데,26,10,27.8,681,5.3,6.1,실패
서건창,1.93,17,3,삼성,64,29,31.2,1332,7,6.1,실패
서건창,1.93,17,3,삼성,64,29,31.2,1332,7,6.1,실패
서건창,1.93,17,3,삼성,64,29,31.2,1332,7,6.1,도루
서건창,1.93,17,3,삼성,64,29,31.2,1332,7,6.1,도루
서건창,1.93,17,3,삼성,64,29,31.2,1332,7,6.1,도루
서건창,1.93,17,3,삼성,64,29,31.2,1332,7,6.1,도루
서건창,1.93,17,3,삼성,64,29,31.2,1332,7,6.1,도루
서건창,1.93,17,3,삼성,64,29,31.2,1332,7,6.1,도루
서건창,1.93,17,3,삼성,64,29,31.2,1332,7,6.1,도루
서건창,1.93,17,3,한화,86,41,32.3,1701,7.5,6.1,실패
서건창,1.93,17,3,한화,86,41,32.3,1701,7.5,6.1,도루
서건창,1.93,17,3,한화,86,41,32.3,1701,7.5,6.1,실패
서건창,1.93,17,3,한화,86,41,32.3,1701,7.5,6.1,도루
서건창,1.93,17,3,한화,86,41,32.3,1701,7.5,6.1,도루
서건창,1.93,17,3,한화,86,41,32.3,1701,7.5,6.1,도루
심우준,3.38,24,3,KIA,64,27,29.7,1121,8.1,5.8,도루
심우준,3.38,24,3,KIA,64,27,29.7,1121,8.1,5.8,도루
심우준,3.38,24,3,NC,38,21,35.6,1173,5,5.8,도루
심우준,3.38,24,3,SK,87,24,21.6,1516,7.3,5.8,실패
심우준,3.38,24,3,SK,87,24,21.6,1516,7.3,5.8,도루
심우준,3.38,24,3,넥센,50,25,33.3,897,8.4,5.8,도루
심우준,3.38,24,3,넥센,50,25,33.3,897,8.4,5.8,도루
심우준,3.38,24,3,넥센,50,25,33.3,897,8.4,5.8,도루
심우준,3.38,24,3,넥센,50,25,33.3,897,8.4,5.8,도루
심우준,3.38,24,3,두산,83,25,23.2,1563,6.9,5.8,도루
심우준,3.38,24,3,두산,83,25,23.2,1563,6.9,5.8,도루
심우준,3.38,24,3,롯데,26,10,27.8,681,5.3,5.8,도루
심우준,3.38,24,3,롯데,26,10,27.8,681,5.3,5.8,도루
심우준,3.38,24,3,롯데,26,10,27.8,681,5.3,5.8,도루
심우준,3.38,24,3,롯데,26,10,27.8,681,5.3,5.8,도루
심우준,3.38,24,3,삼성,64,29,31.2,1332,7,5.8,도루
오지환,3.11,27,5,KIA,64,27,29.7,1121,8.1,6.7,도루
오지환,3.11,27,5,KIA,64,27,29.7,1121,8.1,6.7,도루
오지환,3.11,27,5,KIA,64,27,29.7,1121,8.1,6.7,도루
오지환,3.11,27,5,kt,64,28,30.4,1365,6.7,6.7,실패
오지환,3.11,27,5,kt,64,28,30.4,1365,6.7,6.7,도루
오지환,3.11,27,5,kt,64,28,30.4,1365,6.7,6.7,실패
오지환,3.11,27,5,kt,64,28,30.4,1365,6.7,6.7,실패
오지환,3.11,27,5,SK,87,24,21.6,1516,7.3,6.7,실패
오지환,3.11,27,5,SK,87,24,21.6,1516,7.3,6.7,도루
오지환,3.11,27,5,SK,87,24,21.6,1516,7.3,6.7,도루
오지환,3.11,27,5,넥센,50,25,33.3,897,8.4,6.7,도루
오지환,3.11,27,5,넥센,50,25,33.3,897,8.4,6.7,실패
오지환,3.11,27,5,넥센,50,25,33.3,897,8.4,6.7,도루
오지환,3.11,27,5,두산,83,25,23.2,1563,6.9,6.7,실패
오지환,3.11,27,5,두산,83,25,23.2,1563,6.9,6.7,도루
오지환,3.11,27,5,두산,83,25,23.2,1563,6.9,6.7,실패
오지환,3.11,27,5,두산,83,25,23.2,1563,6.9,6.7,실패
오지환,3.11,27,5,롯데,26,10,27.8,681,5.3,6.7,실패
오지환,3.11,27,5,롯데,26,10,27.8,681,5.3,6.7,도루
오지환,3.11,27,5,롯데,26,10,27.8,681,5.3,6.7,도루
오지환,3.11,27,5,삼성,64,29,31.2,1332,7,6.7,실패
오지환,3.11,27,5,삼성,64,29,31.2,1332,7,6.7,실패
오지환,3.11,27,5,삼성,64,29,31.2,1332,7,6.7,도루
오지환,3.11,27,5,삼성,64,29,31.2,1332,7,6.7,도루
오지환,3.11,27,5,한화,86,41,32.3,1701,7.5,6.7,도루
오지환,3.11,27,5,한화,86,41,32.3,1701,7.5,6.7,도루
오지환,3.11,27,5,한화,86,41,32.3,1701,7.5,6.7,도루
오지환,3.11,27,5,한화,86,41,32.3,1701,7.5,6.7,도루
오태곤,2.82,19,2,kt,64,28,30.4,1365,6.7,4.9,도루
오태곤,2.82,19,2,LG,90,30,25,1543,7.8,4.9,도루
오태곤,2.82,19,2,LG,90,30,25,1543,7.8,4.9,도루
오태곤,2.82,19,2,SK,87,24,21.6,1516,7.3,4.9,도루
오태곤,2.82,19,2,SK,87,24,21.6,1516,7.3,4.9,도루
오태곤,2.82,19,2,넥센,50,25,33.3,897,8.4,4.9,도루
오태곤,2.82,19,2,삼성,64,29,31.2,1332,7,4.9,실패
이명기,0.89,14,4,KIA,64,27,29.7,1121,8.1,4.7,도루
이명기,0.89,14,4,KIA,64,27,29.7,1121,8.1,4.7,실패
이명기,0.89,14,4,kt,64,28,30.4,1365,6.7,4.7,도루
이명기,0.89,14,4,kt,64,28,30.4,1365,6.7,4.7,도루
이명기,0.89,14,4,kt,64,28,30.4,1365,6.7,4.7,도루
이명기,0.89,14,4,kt,64,28,30.4,1365,6.7,4.7,도루
이명기,0.89,14,4,LG,90,30,25,1543,7.8,4.7,도루
이명기,0.89,14,4,NC,38,21,35.6,1173,5,4.7,실패
이명기,0.89,14,4,NC,38,21,35.6,1173,5,4.7,도루
이명기,0.89,14,4,NC,38,21,35.6,1173,5,4.7,도루
이명기,0.89,14,4,넥센,50,25,33.3,897,8.4,4.7,실패
이명기,0.89,14,4,넥센,50,25,33.3,897,8.4,4.7,도루
이명기,0.89,14,4,롯데,26,10,27.8,681,5.3,4.7,도루
이명기,0.89,14,4,롯데,26,10,27.8,681,5.3,4.7,실패
이명기,0.89,14,4,삼성,64,29,31.2,1332,7,4.7,실패
이명기,0.89,14,4,삼성,64,29,31.2,1332,7,4.7,도루
이명기,0.89,14,4,삼성,64,29,31.2,1332,7,4.7,실패
이명기,0.89,14,4,삼성,64,29,31.2,1332,7,4.7,실패
이명기,0.89,14,4,한화,86,41,32.3,1701,7.5,4.7,도루
이명기,0.89,14,4,한화,86,41,32.3,1701,7.5,4.7,실패
이명기,0.89,14,4,한화,86,41,32.3,1701,7.5,4.7,도루
이지영,0.45,5,1,KIA,64,27,29.7,1121,8.1,3.8,도루
이지영,0.45,5,1,NC,38,21,35.6,1173,5,3.8,실패
이지영,0.45,5,1,SK,87,24,21.6,1516,7.3,3.8,실패
이지영,0.45,5,1,롯데,26,10,27.8,681,5.3,3.8,도루
이지영,0.45,5,1,한화,86,41,32.3,1701,7.5,3.8,도루
임병욱,1.02,10,2,KIA,64,27,29.7,1121,8.1,6.2,도루
임병욱,1.02,10,2,KIA,64,27,29.7,1121,8.1,6.2,실패
임병욱,1.02,10,2,KIA,64,27,29.7,1121,8.1,6.2,도루
임병욱,1.02,10,2,KIA,64,27,29.7,1121,8.1,6.2,도루
임병욱,1.02,10,2,KIA,64,27,29.7,1121,8.1,6.2,도루
임병욱,1.02,10,2,KIA,64,27,29.7,1121,8.1,6.2,도루
임병욱,1.02,10,2,kt,64,28,30.4,1365,6.7,6.2,도루
임병욱,1.02,10,2,kt,64,28,30.4,1365,6.7,6.2,도루
임병욱,1.02,10,2,LG,90,30,25,1543,7.8,6.2,도루
임병욱,1.02,10,2,LG,90,30,25,1543,7.8,6.2,실패
임병욱,1.02,10,2,NC,38,21,35.6,1173,5,6.2,도루
임병욱,1.02,10,2,NC,38,21,35.6,1173,5,6.2,실패
임병욱,1.02,10,2,SK,87,24,21.6,1516,7.3,6.2,도루
임병욱,1.02,10,2,SK,87,24,21.6,1516,7.3,6.2,도루
임병욱,1.02,10,2,SK,87,24,21.6,1516,7.3,6.2,실패
임병욱,1.02,10,2,두산,83,25,23.2,1563,6.9,6.2,실패
임병욱,1.02,10,2,두산,83,25,23.2,1563,6.9,6.2,도루
임병욱,1.02,10,2,두산,83,25,23.2,1563,6.9,6.2,도루
임병욱,1.02,10,2,삼성,64,29,31.2,1332,7,6.2,도루
임병욱,1.02,10,2,삼성,64,29,31.2,1332,7,6.2,실패
임병욱,1.02,10,2,한화,86,41,32.3,1701,7.5,6.2,실패
임병욱,1.02,10,2,한화,86,41,32.3,1701,7.5,6.2,도루
임병욱,1.02,10,2,한화,86,41,32.3,1701,7.5,6.2,도루
임병욱,1.02,10,2,한화,86,41,32.3,1701,7.5,6.2,도루
전준우,0.53,8,2,LG,90,30,25,1543,7.8,3.6,실패
전준우,0.53,8,2,넥센,50,25,33.3,897,8.4,3.6,실패
전준우,0.53,8,2,두산,83,25,23.2,1563,6.9,3.6,도루
전준우,0.53,8,2,삼성,64,29,31.2,1332,7,3.6,도루
전준우,0.53,8,2,한화,86,41,32.3,1701,7.5,3.6,실패
정수빈,1.64,26,8,KIA,64,27,29.7,1121,8.1,7,도루
정수빈,1.64,26,8,KIA,64,27,29.7,1121,8.1,7,도루
정수빈,1.64,26,8,KIA,64,27,29.7,1121,8.1,7,실패
정수빈,1.64,26,8,kt,64,28,30.4,1365,6.7,7,도루
정수빈,1.64,26,8,kt,64,28,30.4,1365,6.7,7,도루
정수빈,1.64,26,8,LG,90,30,25,1543,7.8,7,도루
정수빈,1.64,26,8,NC,38,21,35.6,1173,5,7,도루
정수빈,1.64,26,8,SK,87,24,21.6,1516,7.3,7,도루
정수빈,1.64,26,8,SK,87,24,21.6,1516,7.3,7,도루
정수빈,1.64,26,8,넥센,50,25,33.3,897,8.4,7,실패
정수빈,1.64,26,8,넥센,50,25,33.3,897,8.4,7,도루
정수빈,1.64,26,8,넥센,50,25,33.3,897,8.4,7,도루
정수빈,1.64,26,8,롯데,26,10,27.8,681,5.3,7,실패
정수빈,1.64,26,8,삼성,64,29,31.2,1332,7,7,도루
정수빈,1.64,26,8,삼성,64,29,31.2,1332,7,7,도루
정수빈,1.64,26,8,한화,86,41,32.3,1701,7.5,7,실패
구자욱,1.44,19,5,KIA,43,16,27.1,955,6.2,5.5,도루
구자욱,1.44,19,5,LG,66,29,30.5,1567,6.1,5.5,도루
구자욱,1.44,19,5,LG,66,29,30.5,1567,6.1,5.5,도루
구자욱,1.44,19,5,NC,33,30,47.6,1215,5.2,5.5,도루
구자욱,1.44,19,5,NC,33,30,47.6,1215,5.2,5.5,실패
구자욱,1.44,19,5,NC,33,30,47.6,1215,5.2,5.5,실패
구자욱,1.44,19,5,SK,50,31,38.3,944,8.6,5.5,도루
구자욱,1.44,19,5,SK,50,31,38.3,944,8.6,5.5,실패
구자욱,1.44,19,5,넥센,45,18,28.6,1015,6.2,5.5,실패
구자욱,1.44,19,5,두산,63,16,20.3,1355,5.8,5.5,도루
구자욱,1.44,19,5,두산,63,16,20.3,1355,5.8,5.5,도루
구자욱,1.44,19,5,두산,63,16,20.3,1355,5.8,5.5,실패
구자욱,1.44,19,5,롯데,64,14,18,1298,6,5.5,실패
구자욱,1.44,19,5,롯데,64,14,18,1298,6,5.5,도루
구자욱,1.44,19,5,한화,80,31,27.9,1481,7.5,5.5,도루
구자욱,1.44,19,5,한화,80,31,27.9,1481,7.5,5.5,실패
구자욱,1.44,19,5,한화,80,31,27.9,1481,7.5,5.5,도루
김재유,1.06,10,2,SK,50,31,38.3,944,8.6,5.4,실패
김재유,1.06,10,2,SK,50,31,38.3,944,8.6,5.4,실패
김재유,1.06,10,2,삼성,34,27,44.3,1346,4.5,5.4,실패
김재유,1.06,10,2,삼성,34,27,44.3,1346,4.5,5.4,도루
김재유,1.06,10,2,삼성,34,27,44.3,1346,4.5,5.4,도루
김재환,1.15,6,0,KIA,43,16,27.1,955,6.2,3.4,도루
김재환,1.15,6,0,kt,54,17,23.9,1512,4.7,3.4,도루
김재환,1.15,6,0,LG,66,29,30.5,1567,6.1,3.4,도루
김재환,1.15,6,0,LG,66,29,30.5,1567,6.1,3.4,도루
김재환,1.15,6,0,LG,66,29,30.5,1567,6.1,3.4,실패
김재환,1.15,6,0,SK,50,31,38.3,944,8.6,3.4,도루
김재환,1.15,6,0,롯데,64,14,18,1298,6,3.4,도루
김재환,1.15,6,0,롯데,64,14,18,1298,6,3.4,실패
김재환,1.15,6,0,롯데,64,14,18,1298,6,3.4,도루
김재환,1.15,6,0,삼성,34,27,44.3,1346,4.5,3.4,도루
김재환,1.15,6,0,한화,80,31,27.9,1481,7.5,3.4,실패
김하성,3.62,23,2,KIA,43,16,27.1,955,6.2,5.2,실패
김하성,3.62,23,2,KIA,43,16,27.1,955,6.2,5.2,도루
김하성,3.62,23,2,KIA,43,16,27.1,955,6.2,5.2,도루
김하성,3.62,23,2,KIA,43,16,27.1,955,6.2,5.2,실패
김하성,3.62,23,2,KIA,43,16,27.1,955,6.2,5.2,도루
김하성,3.62,23,2,KIA,43,16,27.1,955,6.2,5.2,도루
김하성,3.62,23,2,KIA,43,16,27.1,955,6.2,5.2,도루
김하성,3.62,23,2,KIA,43,16,27.1,955,6.2,5.2,도루
김하성,3.62,23,2,kt,54,17,23.9,1512,4.7,5.2,도루
김하성,3.62,23,2,kt,54,17,23.9,1512,4.7,5.2,도루
김하성,3.62,23,2,kt,54,17,23.9,1512,4.7,5.2,실패
김하성,3.62,23,2,LG,66,29,30.5,1567,6.1,5.2,도루
김하성,3.62,23,2,LG,66,29,30.5,1567,6.1,5.2,실패
김하성,3.62,23,2,LG,66,29,30.5,1567,6.1,5.2,실패
김하성,3.62,23,2,LG,66,29,30.5,1567,6.1,5.2,실패
김하성,3.62,23,2,LG,66,29,30.5,1567,6.1,5.2,도루
김하성,3.62,23,2,NC,33,30,47.6,1215,5.2,5.2,도루
김하성,3.62,23,2,NC,33,30,47.6,1215,5.2,5.2,도루
김하성,3.62,23,2,NC,33,30,47.6,1215,5.2,5.2,도루
김하성,3.62,23,2,SK,50,31,38.3,944,8.6,5.2,실패
김하성,3.62,23,2,SK,50,31,38.3,944,8.6,5.2,도루
김하성,3.62,23,2,SK,50,31,38.3,944,8.6,5.2,도루
김하성,3.62,23,2,SK,50,31,38.3,944,8.6,5.2,도루
김하성,3.62,23,2,SK,50,31,38.3,944,8.6,5.2,실패
김하성,3.62,23,2,두산,63,16,20.3,1355,5.8,5.2,도루
김하성,3.62,23,2,두산,63,16,20.3,1355,5.8,5.2,도루
김하성,3.62,23,2,두산,63,16,20.3,1355,5.8,5.2,실패
김하성,3.62,23,2,롯데,64,14,18,1298,6,5.2,도루
김하성,3.62,23,2,삼성,34,27,44.3,1346,4.5,5.2,실패
김하성,3.62,23,2,삼성,34,27,44.3,1346,4.5,5.2,도루
김하성,3.62,23,2,삼성,34,27,44.3,1346,4.5,5.2,도루
김하성,3.62,23,2,삼성,34,27,44.3,1346,4.5,5.2,도루
김하성,3.62,23,2,삼성,34,27,44.3,1346,4.5,5.2,실패
김하성,3.62,23,2,삼성,34,27,44.3,1346,4.5,5.2,실패
김하성,3.62,23,2,한화,80,31,27.9,1481,7.5,5.2,실패
김하성,3.62,23,2,한화,80,31,27.9,1481,7.5,5.2,실패
김하성,3.62,23,2,한화,80,31,27.9,1481,7.5,5.2,실패
김하성,3.62,23,2,한화,80,31,27.9,1481,7.5,5.2,도루
김하성,3.62,23,2,한화,80,31,27.9,1481,7.5,5.2,도루
김하성,3.62,23,2,한화,80,31,27.9,1481,7.5,9,도루
박정음,1.33,9,1,KIA,43,16,27.1,955,6.2,9,실패
박정음,1.33,9,1,KIA,43,16,27.1,955,6.2,9,도루
박정음,1.33,9,1,KIA,43,16,27.1,955,6.2,9,도루
박정음,1.33,9,1,KIA,43,16,27.1,955,6.2,9,도루
박정음,1.33,9,1,kt,54,17,23.9,1512,4.7,9,도루
박정음,1.33,9,1,kt,54,17,23.9,1512,4.7,9,도루
박정음,1.33,9,1,kt,54,17,23.9,1512,4.7,9,도루
박정음,1.33,9,1,LG,66,29,30.5,1567,6.1,9,도루
박정음,1.33,9,1,LG,66,29,30.5,1567,6.1,9,도루
박정음,1.33,9,1,NC,33,30,47.6,1215,5.2,9,실패
박정음,1.33,9,1,NC,33,30,47.6,1215,5.2,9,도루
박정음,1.33,9,1,NC,33,30,47.6,1215,5.2,9,실패
박정음,1.33,9,1,NC,33,30,47.6,1215,5.2,9,실패
박정음,1.33,9,1,SK,50,31,38.3,944,8.6,9,실패
박정음,1.33,9,1,롯데,64,14,18,1298,6,9,실패
박정음,1.33,9,1,롯데,64,14,18,1298,6,9,도루
박정음,1.33,9,1,롯데,64,14,18,1298,6,9,도루
박정음,1.33,9,1,롯데,64,14,18,1298,6,9,도루
박정음,1.33,9,1,롯데,64,14,18,1298,6,9,실패
박정음,1.33,9,1,삼성,34,27,44.3,1346,4.5,9,도루
박정음,1.33,9,1,한화,80,31,27.9,1481,7.5,9,실패
박정음,1.33,9,1,한화,80,31,27.9,1481,7.5,9,실패
박정음,1.33,9,1,한화,80,31,27.9,1481,7.5,9,도루
박정음,1.33,9,1,한화,80,31,27.9,1481,7.5,9,도루
박해민,1.21,34,12,KIA,43,16,27.1,955,6.2,7.1,실패
박해민,1.21,34,12,KIA,43,16,27.1,955,6.2,7.1,도루
박해민,1.21,34,12,KIA,43,16,27.1,955,6.2,7.1,도루
박해민,1.21,34,12,KIA,43,16,27.1,955,6.2,7.1,실패
박해민,1.21,34,12,KIA,43,16,27.1,955,6.2,7.1,도루
박해민,1.21,34,12,KIA,43,16,27.1,955,6.2,7.1,도루
박해민,1.21,34,12,KIA,43,16,27.1,955,6.2,7.1,도루
박해민,1.21,34,12,KIA,43,16,27.1,955,6.2,7.1,도루
박해민,1.21,34,12,kt,54,17,23.9,1512,4.7,7.1,실패
박해민,1.21,34,12,kt,54,17,23.9,1512,4.7,7.1,도루
박해민,1.21,34,12,kt,54,17,23.9,1512,4.7,7.1,도루
박해민,1.21,34,12,kt,54,17,23.9,1512,4.7,7.1,도루
박해민,1.21,34,12,kt,54,17,23.9,1512,4.7,7.1,도루
박해민,1.21,34,12,kt,54,17,23.9,1512,4.7,7.1,도루
박해민,1.21,34,12,kt,54,17,23.9,1512,4.7,7.1,도루
박해민,1.21,34,12,LG,66,29,30.5,1567,6.1,7.1,도루
박해민,1.21,34,12,LG,66,29,30.5,1567,6.1,7.1,도루
박해민,1.21,34,12,LG,66,29,30.5,1567,6.1,7.1,실패
박해민,1.21,34,12,LG,66,29,30.5,1567,6.1,7.1,실패
박해민,1.21,34,12,LG,66,29,30.5,1567,6.1,7.1,실패
박해민,1.21,34,12,LG,66,29,30.5,1567,6.1,7.1,도루
박해민,1.21,34,12,NC,33,30,47.6,1215,5.2,7.1,도루
박해민,1.21,34,12,NC,33,30,47.6,1215,5.2,7.1,도루
박해민,1.21,34,12,NC,33,30,47.6,1215,5.2,7.1,도루
박해민,1.21,34,12,NC,33,30,47.6,1215,5.2,7.1,도루
박해민,1.21,34,12,NC,33,30,47.6,1215,5.2,7.1,도루
박해민,1.21,34,12,NC,33,30,47.6,1215,5.2,7.1,도루
박해민,1.21,34,12,SK,50,31,38.3,944,8.6,7.1,도루
박해민,1.21,34,12,SK,50,31,38.3,944,8.6,7.1,도루
박해민,1.21,34,12,SK,50,31,38.3,944,8.6,7.1,실패
박해민,1.21,34,12,SK,50,31,38.3,944,8.6,7.1,도루
박해민,1.21,34,12,SK,50,31,38.3,944,8.6,7.1,도루
박해민,1.21,34,12,SK,50,31,38.3,944,8.6,7.1,도루
박해민,1.21,34,12,SK,50,31,38.3,944,8.6,7.1,도루
박해민,1.21,34,12,넥센,45,18,28.6,1015,6.2,7.1,실패
박해민,1.21,34,12,넥센,45,18,28.6,1015,6.2,7.1,도루
박해민,1.21,34,12,넥센,45,18,28.6,1015,6.2,7.1,도루
박해민,1.21,34,12,넥센,45,18,28.6,1015,6.2,7.1,도루
박해민,1.21,34,12,넥센,45,18,28.6,1015,6.2,7.1,도루
박해민,1.21,34,12,넥센,45,18,28.6,1015,6.2,7.1,실패
박해민,1.21,34,12,넥센,45,18,28.6,1015,6.2,7.1,도루
박해민,1.21,34,12,넥센,45,18,28.6,1015,6.2,7.1,도루
박해민,1.21,34,12,넥센,45,18,28.6,1015,6.2,7.1,도루
박해민,1.21,34,12,넥센,45,18,28.6,1015,6.2,7.1,실패
박해민,1.21,34,12,넥센,45,18,28.6,1015,6.2,7.1,도루
박해민,1.21,34,12,두산,63,16,20.3,1355,5.8,7.1,실패
박해민,1.21,34,12,두산,63,16,20.3,1355,5.8,7.1,도루
박해민,1.21,34,12,두산,63,16,20.3,1355,5.8,7.1,도루
박해민,1.21,34,12,두산,63,16,20.3,1355,5.8,7.1,실패
박해민,1.21,34,12,두산,63,16,20.3,1355,5.8,7.1,도루
박해민,1.21,34,12,두산,63,16,20.3,1355,5.8,7.1,실패
박해민,1.21,34,12,롯데,64,14,18,1298,6,7.1,도루
박해민,1.21,34,12,롯데,64,14,18,1298,6,7.1,도루
박해민,1.21,34,12,롯데,64,14,18,1298,6,7.1,도루
박해민,1.21,34,12,롯데,64,14,18,1298,6,7.1,도루
박해민,1.21,34,12,롯데,64,14,18,1298,6,7.1,실패
박해민,1.21,34,12,롯데,64,14,18,1298,6,7.1,도루
박해민,1.21,34,12,한화,80,31,27.9,1481,7.5,7.1,도루
박해민,1.21,34,12,한화,80,31,27.9,1481,7.5,7.1,도루
박해민,1.21,34,12,한화,80,31,27.9,1481,7.5,7.1,도루
박해민,1.21,34,12,한화,80,31,27.9,1481,7.5,7.1,실패
박해민,1.21,34,12,한화,80,31,27.9,1481,7.5,7.1,도루
박해민,1.21,34,12,한화,80,31,27.9,1481,7.5,7.1,도루
박해민,1.21,34,12,한화,80,31,27.9,1481,7.5,7.1,도루
박해민,1.21,34,12,한화,80,31,27.9,1481,7.5,7.1,도루
손아섭,0.94,5,0,KIA,43,16,27.1,955,6.2,4,도루
손아섭,0.94,5,0,KIA,43,16,27.1,955,6.2,4,도루
손아섭,0.94,5,0,KIA,43,16,27.1,955,6.2,4,도루
손아섭,0.94,5,0,KIA,43,16,27.1,955,6.2,4,도루
손아섭,0.94,5,0,KIA,43,16,27.1,955,6.2,4,도루
손아섭,0.94,5,0,KIA,43,16,27.1,955,6.2,4,도루
손아섭,0.94,5,0,KIA,43,16,27.1,955,6.2,4,도루
손아섭,0.94,5,0,kt,54,17,23.9,1512,4.7,4,도루
손아섭,0.94,5,0,kt,54,17,23.9,1512,4.7,4,도루
손아섭,0.94,5,0,kt,54,17,23.9,1512,4.7,4,도루
손아섭,0.94,5,0,LG,66,29,30.5,1567,6.1,4,실패
손아섭,0.94,5,0,LG,66,29,30.5,1567,6.1,4,도루
손아섭,0.94,5,0,NC,33,30,47.6,1215,5.2,4,도루
손아섭,0.94,5,0,NC,33,30,47.6,1215,5.2,4,도루
손아섭,0.94,5,0,SK,50,31,38.3,944,8.6,4,도루
손아섭,0.94,5,0,SK,50,31,38.3,944,8.6,4,도루
손아섭,0.94,5,0,SK,50,31,38.3,944,8.6,4,도루
손아섭,0.94,5,0,SK,50,31,38.3,944,8.6,4,도루
손아섭,0.94,5,0,SK,50,31,38.3,944,8.6,4,도루
손아섭,0.94,5,0,넥센,45,18,28.6,1015,6.2,4,도루
손아섭,0.94,5,0,두산,63,16,20.3,1355,5.8,4,도루
손아섭,0.94,5,0,두산,63,16,20.3,1355,5.8,4,도루
손아섭,0.94,5,0,두산,63,16,20.3,1355,5.8,4,도루
손아섭,0.94,5,0,두산,63,16,20.3,1355,5.8,4,도루
손아섭,0.94,5,0,두산,63,16,20.3,1355,5.8,4,도루
손아섭,0.94,5,0,두산,63,16,20.3,1355,5.8,4,도루
손아섭,0.94,5,0,두산,63,16,20.3,1355,5.8,4,도루
손아섭,0.94,5,0,두산,63,16,20.3,1355,5.8,4,도루
손아섭,0.94,5,0,두산,63,16,20.3,1355,5.8,4,도루
손아섭,0.94,5,0,삼성,34,27,44.3,1346,4.5,4,도루
손아섭,0.94,5,0,삼성,34,27,44.3,1346,4.5,4,도루
손아섭,0.94,5,0,삼성,34,27,44.3,1346,4.5,4,도루
손아섭,0.94,5,0,삼성,34,27,44.3,1346,4.5,4,도루
손아섭,0.94,5,0,삼성,34,27,44.3,1346,4.5,4,도루
손아섭,0.94,5,0,삼성,34,27,44.3,1346,4.5,4,도루
손아섭,0.94,5,0,삼성,34,27,44.3,1346,4.5,4,도루
손아섭,0.94,5,0,한화,80,31,27.9,1481,7.5,4,도루
손아섭,0.94,5,0,한화,80,31,27.9,1481,7.5,4,실패
손아섭,0.94,5,0,한화,80,31,27.9,1481,7.5,4,도루
손아섭,0.94,5,0,한화,80,31,27.9,1481,7.5,4,실패
손아섭,0.94,5,0,한화,80,31,27.9,1481,7.5,4,도루
손아섭,0.94,5,0,한화,80,31,27.9,1481,7.5,4,도루
손아섭,0.94,5,0,한화,80,31,27.9,1481,7.5,4,실패
심우준,1.87,35,11,KIA,43,16,27.1,955,6.2,6.5,도루
심우준,1.87,35,11,KIA,43,16,27.1,955,6.2,6.5,도루
심우준,1.87,35,11,NC,33,30,47.6,1215,5.2,6.5,도루
심우준,1.87,35,11,SK,50,31,38.3,944,8.6,6.5,실패
심우준,1.87,35,11,SK,50,31,38.3,944,8.6,6.5,도루
심우준,1.87,35,11,넥센,45,18,28.6,1015,6.2,6.5,도루
심우준,1.87,35,11,넥센,45,18,28.6,1015,6.2,6.5,도루
심우준,1.87,35,11,넥센,45,18,28.6,1015,6.2,6.5,도루
심우준,1.87,35,11,넥센,45,18,28.6,1015,6.2,6.5,도루
심우준,1.87,35,11,두산,63,16,20.3,1355,5.8,6.5,도루
심우준,1.87,35,11,두산,63,16,20.3,1355,5.8,6.5,도루
심우준,1.87,35,11,롯데,64,14,18,1298,6,6.5,도루
심우준,1.87,35,11,롯데,64,14,18,1298,6,6.5,도루
심우준,1.87,35,11,롯데,64,14,18,1298,6,6.5,도루
심우준,1.87,35,11,롯데,64,14,18,1298,6,6.5,도루
심우준,1.87,35,11,삼성,34,27,44.3,1346,4.5,6.5,도루
안치홍,1.38,14,3,LG,66,29,30.5,1567,6.1,3.9,도루
임병욱,0.6,3,0,KIA,43,16,27.1,955,6.2,3.4,도루
임병욱,0.6,3,0,KIA,43,16,27.1,955,6.2,3.4,실패
임병욱,0.6,3,0,KIA,43,16,27.1,955,6.2,3.4,도루
임병욱,0.6,3,0,KIA,43,16,27.1,955,6.2,3.4,도루
임병욱,0.6,3,0,KIA,43,16,27.1,955,6.2,3.4,도루
임병욱,0.6,3,0,KIA,43,16,27.1,955,6.2,3.4,도루
임병욱,0.6,3,0,kt,54,17,23.9,1512,4.7,3.4,도루
임병욱,0.6,3,0,kt,54,17,23.9,1512,4.7,3.4,도루
임병욱,0.6,3,0,LG,66,29,30.5,1567,6.1,3.4,도루
임병욱,0.6,3,0,LG,66,29,30.5,1567,6.1,3.4,실패
임병욱,0.6,3,0,NC,33,30,47.6,1215,5.2,3.4,도루
임병욱,0.6,3,0,NC,33,30,47.6,1215,5.2,3.4,실패
임병욱,0.6,3,0,SK,50,31,38.3,944,8.6,3.4,도루
임병욱,0.6,3,0,SK,50,31,38.3,944,8.6,3.4,도루
임병욱,0.6,3,0,SK,50,31,38.3,944,8.6,3.4,실패
임병욱,0.6,3,0,두산,63,16,20.3,1355,5.8,3.4,실패
임병욱,0.6,3,0,두산,63,16,20.3,1355,5.8,3.4,도루
임병욱,0.6,3,0,두산,63,16,20.3,1355,5.8,3.4,도루
임병욱,0.6,3,0,삼성,34,27,44.3,1346,4.5,3.4,도루
임병욱,0.6,3,0,삼성,34,27,44.3,1346,4.5,3.4,실패
임병욱,0.6,3,0,한화,80,31,27.9,1481,7.5,3.4,실패
임병욱,0.6,3,0,한화,80,31,27.9,1481,7.5,3.4,도루
임병욱,0.6,3,0,한화,80,31,27.9,1481,7.5,3.4,도루
임병욱,0.6,3,0,한화,80,31,27.9,1481,7.5,3.4,도루
정훈,1.69,11,1,KIA,43,16,27.1,955,6.2,4.8,실패
정훈,1.69,11,1,KIA,43,16,27.1,955,6.2,4.8,도루
정훈,1.69,11,1,kt,54,17,23.9,1512,4.7,4.8,실패
정훈,1.69,11,1,LG,66,29,30.5,1567,6.1,4.8,도루
정훈,1.69,11,1,NC,33,30,47.6,1215,5.2,4.8,실패
정훈,1.69,11,1,넥센,45,18,28.6,1015,6.2,4.8,도루
정훈,1.69,11,1,넥센,45,18,28.6,1015,6.2,4.8,도루
정훈,1.69,11,1,두산,63,16,20.3,1355,5.8,4.8,도루
정훈,1.69,11,1,두산,63,16,20.3,1355,5.8,4.8,실패
정훈,1.69,11,1,두산,63,16,20.3,1355,5.8,4.8,도루
정훈,1.69,11,1,삼성,34,27,44.3,1346,4.5,4.8,도루
정훈,1.69,11,1,삼성,34,27,44.3,1346,4.5,4.8,실패
정훈,1.69,11,1,삼성,34,27,44.3,1346,4.5,4.8,실패
정훈,1.69,11,1,한화,80,31,27.9,1481,7.5,4.8,실패
